date:,"br_ips,","not_br_ips,",total_ips

2015-01-01,0,17,17
2015-01-02,0,17,17
2015-01-03,0,18,18
2015-01-04,0,17,17
2015-01-05,0,23,23
2015-01-06,4,24,28
2015-01-07,2,26,28
2015-01-08,3,28,31
2015-01-09,0,28,28
2015-01-10,0,19,19
2015-01-11,0,19,19
2015-01-12,2,26,28
2015-01-13,2,30,32
2015-01-14,0,29,29
2015-01-15,0,27,27
2015-01-16,0,28,28
2015-01-17,0,26,26
2015-01-18,0,25,25
2015-01-19,2,32,34
2015-01-20,3,28,31
2015-01-21,1,32,33
2015-01-22,2,35,37
2015-01-23,0,33,33
2015-01-24,0,29,29
2015-01-25,0,24,24
2015-01-26,0,30,30
2015-01-27,0,30,30
2015-01-28,0,29,29
2015-01-29,2,32,34
2015-01-30,1,40,41
2015-01-31,0,34,34
2015-02-01,0,28,28
2015-02-02,0,41,41
2015-02-03,1,41,42
2015-02-04,0,42,42
2015-02-05,0,41,41
2015-02-06,2,47,49
2015-02-07,0,32,32
2015-02-08,0,32,32
2015-02-09,0,41,41
2015-02-10,1,43,44
2015-02-11,0,51,51
2015-02-12,1,42,43
2015-02-13,0,30,30
2015-02-14,1,28,29
2015-02-15,1,21,22
2015-02-16,1,21,22
2015-02-17,0,20,20
2015-02-18,0,24,24
2015-02-19,1,39,40
2015-02-20,0,33,33
2015-02-21,0,34,34
2015-02-22,0,36,36
2015-02-23,0,45,45
2015-02-24,0,37,37
2015-02-25,0,39,39
2015-02-26,0,43,43
2015-02-27,0,45,45
2015-02-28,0,39,39
2015-03-01,0,38,38
2015-03-02,0,47,47
2015-03-03,0,47,47
2015-03-04,0,46,46
2015-03-05,1,45,46
2015-03-06,1,37,38
2015-03-07,0,35,35
2015-03-08,0,35,35
2015-03-09,0,43,43
2015-03-10,0,43,43
2015-03-11,0,43,43
2015-03-12,0,45,45
2015-03-13,0,38,38
2015-03-14,0,33,33
2015-03-15,0,31,31
2015-03-16,1,49,50
2015-03-17,0,48,48
2015-03-18,0,47,47
2015-03-19,0,46,46
2015-03-20,0,40,40
2015-03-21,0,38,38
2015-03-22,0,33,33
2015-03-23,0,41,41
2015-03-24,1,45,46
2015-03-25,1,55,56
2015-03-26,1,61,62
2015-03-27,0,51,51
2015-03-28,0,50,50
2015-03-29,0,43,43
2015-03-30,0,52,52
2015-03-31,0,59,59
2015-04-01,0,56,56
2015-04-02,0,53,53
2015-04-03,0,46,46
2015-04-04,0,40,40
2015-04-05,0,39,39
2015-04-06,0,47,47
2015-04-07,0,50,50
2015-04-08,0,49,49
2015-04-09,0,55,55
2015-04-10,1,54,55
2015-04-11,0,46,46
2015-04-12,0,39,39
2015-04-13,0,41,41
2015-04-14,1,53,54
2015-04-15,1,51,52
2015-04-16,1,55,56
2015-04-17,0,50,50
2015-04-18,0,46,46
2015-04-19,0,43,43
2015-04-20,0,45,45
2015-04-21,0,40,40
2015-04-22,0,48,48
2015-04-23,0,50,50
2015-04-24,0,51,51
2015-04-25,0,42,42
2015-04-26,0,44,44
2015-04-27,0,49,49
2015-04-28,0,49,49
2015-04-29,0,45,45
2015-04-30,0,47,47
2015-05-01,0,40,40
2015-05-02,0,40,40
2015-05-03,0,38,38
2015-05-04,0,41,41
2015-05-05,0,40,40
2015-05-06,0,49,49
2015-05-07,0,52,52
2015-05-08,0,50,50
2015-05-09,0,45,45
2015-05-10,0,40,40
2015-05-11,0,44,44
2015-05-12,0,43,43
2015-05-13,0,43,43
2015-05-14,0,43,43
2015-05-15,1,47,48
2015-05-16,1,45,46
2015-05-17,0,45,45
2015-05-18,0,47,47
2015-05-19,0,47,47
2015-05-20,0,46,46
2015-05-21,0,45,45
2015-05-22,0,43,43
2015-05-23,0,37,37
2015-05-24,0,32,32
2015-05-25,0,43,43
2015-05-26,0,40,40
2015-05-27,0,38,38
2015-05-28,0,42,42
2015-05-29,0,39,39
2015-05-30,0,39,39
2015-05-31,0,34,34
2015-06-01,0,43,43
2015-06-02,0,45,45
2015-06-03,0,43,43
2015-06-04,0,41,41
2015-06-05,0,41,41
2015-06-06,0,35,35
2015-06-07,0,31,31
2015-06-08,0,39,39
2015-06-09,0,42,42
2015-06-10,1,41,42
2015-06-11,1,41,42
2015-06-12,0,36,36
2015-06-13,0,30,30
2015-06-14,0,30,30
2015-06-15,0,29,29
2015-06-16,0,35,35
2015-06-17,0,35,35
2015-06-18,0,36,36
2015-06-19,0,34,34
2015-06-20,0,30,30
2015-06-21,0,27,27
2015-06-22,0,33,33
2015-06-23,0,38,38
2015-06-24,0,38,38
2015-06-25,0,32,32
2015-06-26,0,33,33
2015-06-27,0,25,25
2015-06-28,0,25,25
2015-06-29,0,28,28
2015-06-30,0,23,23
2015-07-01,0,30,30
2015-07-02,0,28,28
2015-07-03,0,30,30
2015-07-04,0,30,30
2015-07-05,0,31,31
2015-07-06,0,38,38
2015-07-07,0,37,37
2015-07-08,0,42,42
2015-07-09,0,37,37
2015-07-10,0,41,41
2015-07-11,0,36,36
2015-07-12,0,35,35
2015-07-13,0,40,40
2015-07-14,0,39,39
2015-07-15,0,38,38
2015-07-16,0,44,44
2015-07-17,1,41,42
2015-07-18,1,37,38
2015-07-19,1,39,40
2015-07-20,1,38,39
2015-07-21,1,38,39
2015-07-22,0,46,46
2015-07-23,0,49,49
2015-07-24,0,43,43
2015-07-25,0,41,41
2015-07-26,0,39,39
2015-07-27,0,51,51
2015-07-28,0,49,49
2015-07-29,0,44,44
2015-07-30,0,46,46
2015-07-31,0,52,52
2015-08-01,0,42,42
2015-08-02,0,36,36
2015-08-03,0,44,44
2015-08-04,0,45,45
2015-08-05,0,49,49
2015-08-06,0,49,49
2015-08-07,0,48,48
2015-08-08,0,43,43
2015-08-09,0,40,40
2015-08-10,0,53,53
2015-08-11,0,54,54
2015-08-12,0,53,53
2015-08-13,0,51,51
2015-08-14,0,52,52
2015-08-15,0,47,47
2015-08-16,0,44,44
2015-08-17,0,48,48
2015-08-18,0,51,51
2015-08-19,1,49,50
2015-08-20,0,49,49
2015-08-21,0,47,47
2015-08-22,0,43,43
2015-08-23,0,43,43
2015-08-24,0,47,47
2015-08-25,0,44,44
2015-08-26,0,39,39
2015-08-27,0,45,45
2015-08-28,0,41,41
2015-08-29,0,37,37
2015-08-30,0,38,38
2015-08-31,0,41,41
2015-09-01,0,44,44
2015-09-02,0,45,45
2015-09-03,0,45,45
2015-09-04,0,46,46
2015-09-05,0,44,44
2015-09-06,0,38,38
2015-09-07,0,36,36
2015-09-08,0,45,45
2015-09-09,0,43,43
2015-09-10,0,42,42
2015-09-11,0,37,37
2015-09-12,0,31,31
2015-09-13,0,28,28
2015-09-14,0,39,39
2015-09-15,0,36,36
2015-09-16,0,37,37
2015-09-17,0,35,35
2015-09-18,0,33,33
2015-09-19,0,30,30
2015-09-20,0,28,28
2015-09-21,0,33,33
2015-09-22,0,37,37
2015-09-23,0,40,40
2015-09-24,0,35,35
2015-09-25,0,38,38
2015-09-26,0,31,31
2015-09-27,0,27,27
2015-09-28,0,33,33
2015-09-29,1,36,37
2015-09-30,0,38,38
2015-10-01,0,35,35
2015-10-02,0,37,37
2015-10-03,0,31,31
2015-10-04,0,27,27
2015-10-05,0,36,36
2015-10-06,0,41,41
2015-10-07,0,36,36
2015-10-08,0,35,35
2015-10-09,0,36,36
2015-10-10,0,35,35
2015-10-11,0,31,31
2015-10-12,0,32,32
2015-10-13,0,37,37
2015-10-14,0,41,41
2015-10-15,0,41,41
2015-10-16,0,41,41
2015-10-17,0,38,38
2015-10-18,0,31,31
2015-10-19,0,36,36
2015-10-20,0,38,38
2015-10-21,0,45,45
2015-10-22,0,44,44
2015-10-23,0,41,41
2015-10-24,0,40,40
2015-10-25,0,40,40
2015-10-26,0,44,44
2015-10-27,0,42,42
2015-10-28,0,46,46
2015-10-29,1,44,45
2015-10-30,0,37,37
2015-10-31,0,35,35
2015-11-01,0,35,35
2015-11-02,0,33,33
2015-11-03,0,38,38
2015-11-04,0,44,44
2015-11-05,0,49,49
2015-11-06,0,50,50
2015-11-07,0,48,48
2015-11-08,0,44,44
2015-11-09,1,52,53
2015-11-10,1,48,49
2015-11-11,2,46,48
2015-11-12,1,44,45
2015-11-13,1,39,40
2015-11-14,1,27,28
2015-11-15,1,25,26
2015-11-16,1,28,29
2015-11-17,1,30,31
2015-11-18,1,39,40
2015-11-19,1,46,47
2015-11-20,1,44,45
2015-11-21,1,41,42
2015-11-22,1,34,35
2015-11-23,1,48,49
2015-11-24,1,47,48
2015-11-25,0,45,45
2015-11-26,0,42,42
2015-11-27,0,40,40
2015-11-28,0,37,37
2015-11-29,0,36,36
2015-11-30,1,42,43
2015-12-01,0,43,43
2015-12-02,0,46,46
2015-12-03,0,47,47
2015-12-04,2,53,55
2015-12-05,0,51,51
2015-12-06,0,44,44
2015-12-07,0,47,47
2015-12-08,0,52,52
2015-12-09,0,44,44
2015-12-10,0,43,43
2015-12-11,0,39,39
2015-12-12,0,33,33
2015-12-13,0,27,27
2015-12-14,0,45,45
2015-12-15,0,38,38
2015-12-16,0,40,40
2015-12-17,1,40,41
2015-12-18,0,38,38
2015-12-19,0,30,30
2015-12-20,0,25,25
2015-12-21,0,34,34
2015-12-22,0,38,38
2015-12-23,0,41,41
2015-12-24,2,35,37
2015-12-25,0,27,27
2015-12-26,0,29,29
2015-12-27,2,28,30
2015-12-28,2,29,31
2015-12-29,2,31,33
2015-12-30,2,30,32
2015-12-31,2,27,29
2016-01-01,0,24,24
2016-01-02,0,24,24
2016-01-03,0,21,21
2016-01-04,2,27,29
2016-01-05,2,30,32
2016-01-06,2,35,37
2016-01-07,2,34,36
2016-01-08,0,32,32
2016-01-09,1,28,29
2016-01-10,0,21,21
2016-01-11,0,33,33
2016-01-12,0,31,31
2016-01-13,0,33,33
2016-01-14,0,33,33
2016-01-15,0,32,32
2016-01-16,1,29,30
2016-01-17,1,28,29
2016-01-18,1,32,33
2016-01-19,1,36,37
2016-01-20,1,35,36
2016-01-21,1,35,36
2016-01-22,0,35,35
2016-01-23,0,32,32
2016-01-24,0,27,27
2016-01-25,1,37,38
2016-01-26,2,38,40
2016-01-27,2,38,40
2016-01-28,2,39,41
2016-01-29,3,40,43
2016-01-30,3,35,38
2016-01-31,3,33,36
2016-02-01,3,42,45
2016-02-02,3,40,43
2016-02-03,2,37,39
2016-02-04,3,37,40
2016-02-05,2,33,35
2016-02-06,1,28,29
2016-02-07,1,27,28
2016-02-08,1,27,28
2016-02-09,1,26,27
2016-02-10,1,29,30
2016-02-11,1,32,33
2016-02-12,1,35,36
2016-02-13,1,31,32
2016-02-14,1,30,31
2016-02-15,2,39,41
2016-02-16,2,40,42
2016-02-17,1,35,36
2016-02-18,1,32,33
2016-02-19,1,30,31
2016-02-20,1,27,28
2016-02-21,1,22,23
2016-02-22,1,35,36
2016-02-23,1,40,41
2016-02-24,1,39,40
2016-02-25,1,42,43
2016-02-26,1,39,40
2016-02-27,1,37,38
2016-02-28,1,22,23
2016-02-29,0,40,40
2016-03-01,0,41,41
2016-03-02,0,44,44
2016-03-03,0,45,45
2016-03-04,0,47,47
2016-03-05,0,42,42
2016-03-06,0,31,31
2016-03-07,2,43,45
2016-03-08,0,56,56
2016-03-09,0,49,49
2016-03-10,0,46,46
2016-03-11,0,43,43
2016-03-12,0,35,35
2016-03-13,0,34,34
2016-03-14,0,44,44
2016-03-15,0,43,43
2016-03-16,0,46,46
2016-03-17,0,43,43
2016-03-18,0,42,42
2016-03-19,0,39,39
2016-03-20,0,32,32
2016-03-21,0,41,41
2016-03-22,0,38,38
2016-03-23,0,47,47
2016-03-24,0,46,46
2016-03-25,0,39,39
2016-03-26,0,28,28
2016-03-27,0,28,28
2016-03-28,0,41,41
2016-03-29,0,46,46
2016-03-30,1,46,47
2016-03-31,2,49,51
2016-04-01,0,43,43
2016-04-02,0,40,40
2016-04-03,0,38,38
2016-04-04,1,42,43
2016-04-05,1,41,42
2016-04-06,1,42,43
2016-04-07,1,43,44
2016-04-08,1,39,40
2016-04-09,1,36,37
2016-04-10,1,22,23
2016-04-11,1,37,38
2016-04-12,0,40,40
2016-04-13,0,48,48
2016-04-14,0,48,48
2016-04-15,0,47,47
2016-04-16,0,40,40
2016-04-17,0,27,27
2016-04-18,1,44,45
2016-04-19,1,51,52
2016-04-20,0,54,54
2016-04-21,0,54,54
2016-04-22,0,53,53
2016-04-23,0,48,48
2016-04-24,0,32,32
2016-04-25,0,49,49
2016-04-26,0,50,50
2016-04-27,0,50,50
2016-04-28,0,50,50
2016-04-29,1,51,52
2016-04-30,1,48,49
2016-05-01,1,32,33
2016-05-02,1,50,51
2016-05-03,1,50,51
2016-05-04,0,58,58
2016-05-05,0,54,54
2016-05-06,0,56,56
2016-05-07,0,47,47
2016-05-08,0,38,38
2016-05-09,0,53,53
2016-05-10,0,59,59
2016-05-11,0,61,61
2016-05-12,0,60,60
2016-05-13,0,59,59
2016-05-14,0,40,40
2016-05-15,0,26,26
2016-05-16,0,48,48
2016-05-17,0,53,53
2016-05-18,0,56,56
2016-05-19,0,59,59
2016-05-20,0,51,51
2016-05-21,0,48,48
2016-05-22,0,41,41
2016-05-23,0,50,50
2016-05-24,0,50,50
2016-05-25,0,30,30
2016-05-26,0,28,28
2016-05-27,0,27,27
2016-05-28,0,25,25
2016-05-29,0,24,24
2016-05-30,0,29,29
2016-05-31,0,32,32
2016-06-01,0,34,34
2016-06-02,0,34,34
2016-06-03,0,32,32
2016-06-04,0,31,31
2016-06-05,0,28,28
2016-06-06,0,36,36
2016-06-07,0,33,33
2016-06-08,0,30,30
2016-06-09,0,35,35
2016-06-10,0,31,31
2016-06-11,0,31,31
2016-06-12,0,31,31
2016-06-13,0,37,37
2016-06-14,0,44,44
2016-06-15,0,45,45
2016-06-16,0,46,46
2016-06-17,0,45,45
2016-06-18,0,42,42
2016-06-19,0,39,39
2016-06-20,0,41,41
2016-06-21,0,37,37
2016-06-22,0,39,39
2016-06-23,0,39,39
2016-06-24,0,42,42
2016-06-25,0,39,39
2016-06-26,0,37,37
2016-06-27,0,39,39
2016-06-28,1,40,41
2016-06-29,1,39,40
2016-06-30,0,37,37
2016-07-01,0,37,37
2016-07-02,0,34,34
2016-07-03,0,31,31
2016-07-04,0,33,33
2016-07-05,0,37,37
2016-07-06,0,35,35
2016-07-07,0,41,41
2016-07-08,0,45,45
2016-07-09,0,39,39
2016-07-10,0,36,36
2016-07-11,0,46,46
2016-07-12,0,46,46
2016-07-13,0,39,39
2016-07-14,0,38,38
2016-07-15,0,38,38
2016-07-16,0,29,29
2016-07-17,0,31,31
2016-07-18,0,39,39
2016-07-19,0,35,35
2016-07-20,0,36,36
2016-07-21,0,36,36
2016-07-22,0,35,35
2016-07-23,0,32,32
2016-07-24,0,31,31
2016-07-25,0,38,38
2016-07-26,0,38,38
2016-07-27,0,40,40
2016-07-28,0,43,43
2016-07-29,0,41,41
2016-07-30,0,37,37
2016-07-31,0,36,36
2016-08-01,0,41,41
2016-08-02,0,46,46
2016-08-03,0,47,47
2016-08-04,0,43,43
2016-08-05,0,42,42
2016-08-06,0,42,42
2016-08-07,0,40,40
2016-08-08,0,40,40
2016-08-09,0,39,39
2016-08-10,0,40,40
2016-08-11,0,42,42
2016-08-12,0,39,39
2016-08-13,0,38,38
2016-08-14,0,38,38
2016-08-15,0,37,37
2016-08-16,0,42,42
2016-08-17,0,42,42
2016-08-18,0,39,39
2016-08-19,0,39,39
2016-08-20,0,33,33
2016-08-21,0,32,32
2016-08-22,0,36,36
2016-08-23,0,39,39
2016-08-24,0,39,39
2016-08-25,0,36,36
2016-08-26,0,35,35
2016-08-27,0,33,33
2016-08-28,0,33,33
2016-08-29,0,47,47
2016-08-30,0,50,50
2016-08-31,0,51,51
2016-09-01,0,48,48
2016-09-02,0,47,47
2016-09-03,0,42,42
2016-09-04,0,39,39
2016-09-05,0,64,64
2016-09-06,0,51,51
2016-09-07,0,50,50
2016-09-08,0,63,63
2016-09-09,0,62,62
2016-09-10,0,59,59
2016-09-11,0,41,41
2016-09-12,0,61,61
2016-09-13,0,62,62
2016-09-14,0,68,68
2016-09-15,0,76,76
2016-09-16,0,75,75
2016-09-17,0,50,50
2016-09-18,0,48,48
2016-09-19,0,79,79
2016-09-20,1,87,88
2016-09-21,1,88,89
2016-09-22,1,86,87
2016-09-23,1,81,82
2016-09-24,1,83,84
2016-09-25,1,66,67
2016-09-26,1,68,69
2016-09-27,1,82,83
2016-09-28,1,84,85
2016-09-29,1,103,104
2016-09-30,1,101,102
2016-10-01,1,86,87
2016-10-02,1,53,54
2016-10-03,1,101,102
2016-10-04,1,101,102
2016-10-05,0,104,104
2016-10-06,0,101,101
2016-10-07,1,107,108
2016-10-08,1,102,103
2016-10-09,1,51,52
2016-10-10,1,104,105
2016-10-11,1,102,103
2016-10-12,1,55,56
2016-10-13,1,99,100
2016-10-14,1,100,101
2016-10-15,1,43,44
2016-10-16,1,41,42
2016-10-17,1,108,109
2016-10-18,1,112,113
2016-10-19,1,113,114
2016-10-20,2,113,115
2016-10-21,2,108,110
2016-10-22,2,52,54
2016-10-23,2,51,53
2016-10-24,3,110,113
2016-10-25,2,110,112
2016-10-26,3,117,120
2016-10-27,3,117,120
2016-10-28,3,120,123
2016-10-29,3,55,58
2016-10-30,3,52,55
2016-10-31,4,64,68
2016-11-01,3,63,66
2016-11-02,1,58,59
2016-11-03,2,114,116
2016-11-04,2,124,126
2016-11-05,1,117,118
2016-11-06,1,112,113
2016-11-07,1,116,117
2016-11-08,1,118,119
2016-11-09,0,122,122
2016-11-10,1,124,125
2016-11-11,0,116,116
2016-11-12,0,116,116
2016-11-13,0,103,103
2016-11-14,0,102,102
2016-11-15,0,93,93
2016-11-16,0,95,95
2016-11-17,1,110,111
2016-11-18,2,119,121
2016-11-19,1,82,83
2016-11-20,1,78,79
2016-11-21,1,77,78
2016-11-22,2,68,70
2016-11-23,2,77,79
2016-11-24,2,74,76
2016-11-25,1,73,74
2016-11-26,1,72,73
2016-11-27,1,73,74
2016-11-28,1,71,72
2016-11-29,1,70,71
2016-11-30,1,69,70
2016-12-01,1,66,67
2016-12-02,3,74,77
2016-12-03,1,73,74
2016-12-04,1,72,73
2016-12-05,1,75,76
2016-12-06,1,76,77
2016-12-07,1,76,77
2016-12-08,1,73,74
2016-12-09,1,70,71
2016-12-10,1,69,70
2016-12-11,1,69,70
2016-12-12,1,72,73
2016-12-13,1,73,74
2016-12-14,0,75,75
2016-12-15,0,53,53
2016-12-16,0,54,54
2016-12-17,0,51,51
2016-12-18,0,51,51
2016-12-19,0,55,55
2016-12-20,0,72,72
2016-12-21,0,74,74
2016-12-22,0,70,70
2016-12-23,0,68,68
2016-12-24,0,63,63
2016-12-25,0,61,61
2016-12-26,0,61,61
2016-12-27,0,68,68
2016-12-28,0,68,68
2016-12-29,0,55,55
2016-12-30,0,53,53
2016-12-31,0,52,52
2017-01-01,0,44,44
2017-01-02,0,44,44
2017-01-03,0,45,45
2017-01-04,0,42,42
2017-01-05,0,38,38
2017-01-06,0,39,39
2017-01-07,0,34,34
2017-01-08,0,33,33
2017-01-09,0,58,58
2017-01-10,0,74,74
2017-01-11,0,72,72
2017-01-12,0,72,72
2017-01-13,0,71,71
2017-01-14,0,55,55
2017-01-15,0,46,46
2017-01-16,0,71,71
2017-01-17,0,71,71
2017-01-18,0,72,72
2017-01-19,0,72,72
2017-01-20,0,72,72
2017-01-21,0,40,40
2017-01-22,0,34,34
2017-01-23,0,65,65
2017-01-24,0,71,71
2017-01-25,0,68,68
2017-01-26,0,69,69
2017-01-27,0,68,68
2017-01-28,0,43,43
2017-01-29,0,37,37
2017-01-30,0,68,68
2017-01-31,0,71,71
2017-02-01,0,72,72
2017-02-02,0,75,75
2017-02-03,0,55,55
2017-02-04,0,42,42
2017-02-05,0,35,35
2017-02-06,0,51,51
2017-02-07,0,51,51
2017-02-08,0,52,52
2017-02-09,0,52,52
2017-02-10,0,50,50
2017-02-11,0,38,38
2017-02-12,0,37,37
2017-02-13,0,44,44
2017-02-14,0,44,44
2017-02-15,0,45,45
2017-02-16,0,47,47
2017-02-17,0,49,49
2017-02-18,0,44,44
2017-02-19,0,40,40
2017-02-20,0,50,50
2017-02-21,0,51,51
2017-02-22,0,50,50
2017-02-23,2,50,52
2017-02-24,2,52,54
2017-02-25,2,47,49
2017-02-26,2,40,42
2017-02-27,2,40,42
2017-02-28,2,39,41
2017-03-01,1,43,44
2017-03-02,1,61,62
2017-03-03,1,63,64
2017-03-04,0,55,55
2017-03-05,0,50,50
2017-03-06,0,60,60
2017-03-07,1,61,62
2017-03-08,0,59,59
2017-03-09,0,50,50
2017-03-10,0,51,51
2017-03-11,0,52,52
2017-03-12,0,47,47
2017-03-13,0,58,58
2017-03-14,0,57,57
2017-03-15,1,54,55
2017-03-16,1,50,51
2017-03-17,1,46,47
2017-03-18,0,42,42
2017-03-19,0,39,39
2017-03-20,0,51,51
2017-03-21,0,48,48
2017-03-22,0,46,46
2017-03-23,0,47,47
2017-03-24,0,48,48
2017-03-25,0,42,42
2017-03-26,0,36,36
2017-03-27,0,47,47
2017-03-28,0,60,60
2017-03-29,0,57,57
2017-03-30,0,55,55
2017-03-31,0,55,55
2017-04-01,0,49,49
2017-04-02,0,46,46
2017-04-03,0,53,53
2017-04-04,0,52,52
2017-04-05,0,50,50
2017-04-06,0,49,49
2017-04-07,0,60,60
2017-04-08,0,52,52
2017-04-09,0,49,49
2017-04-10,0,56,56
2017-04-11,2,57,59
2017-04-12,1,57,58
2017-04-13,1,61,62
2017-04-14,0,55,55
2017-04-15,0,54,54
2017-04-16,0,54,54
2017-04-17,1,55,56
2017-04-18,1,58,59
2017-04-19,1,57,58
2017-04-20,1,56,57
2017-04-21,0,53,53
2017-04-22,0,51,51
2017-04-23,0,50,50
2017-04-24,0,59,59
2017-04-25,0,57,57
2017-04-26,0,56,56
2017-04-27,0,60,60
2017-04-28,0,60,60
2017-04-29,0,54,54
2017-04-30,0,52,52
2017-05-01,0,52,52
2017-05-02,2,59,61
2017-05-03,2,62,64
2017-05-04,1,61,62
2017-05-05,1,60,61
2017-05-06,1,58,59
2017-05-07,1,56,57
2017-05-08,1,60,61
2017-05-09,1,63,64
2017-05-10,1,56,57
2017-05-11,1,75,76
2017-05-12,0,65,65
2017-05-13,0,57,57
2017-05-14,0,55,55
2017-05-15,0,56,56
2017-05-16,1,62,63
2017-05-17,1,63,64
2017-05-18,1,39,40
2017-05-19,1,28,29
2017-05-20,1,27,28
2017-05-21,0,24,24
2017-05-22,0,30,30
2017-05-23,0,31,31
2017-05-24,0,42,42
2017-05-25,0,46,46
2017-05-26,0,41,41
2017-05-27,0,38,38
2017-05-28,0,33,33
2017-05-29,0,34,34
2017-05-30,0,33,33
2017-05-31,0,31,31
2017-06-01,0,42,42
2017-06-02,1,41,42
2017-06-03,0,40,40
2017-06-04,0,37,37
2017-06-05,0,44,44
2017-06-06,0,42,42
2017-06-07,0,44,44
2017-06-08,0,48,48
2017-06-09,0,44,44
2017-06-10,0,42,42
2017-06-11,0,38,38
2017-06-12,0,44,44
2017-06-13,0,37,37
2017-06-14,0,41,41
2017-06-15,1,50,51
2017-06-16,1,50,51
2017-06-17,0,50,50
2017-06-18,0,49,49
2017-06-19,0,49,49
2017-06-20,0,46,46
2017-06-21,0,43,43
2017-06-22,0,56,56
2017-06-23,1,56,57
2017-06-24,1,51,52
2017-06-25,1,50,51
2017-06-26,1,55,56
2017-06-27,1,56,57
2017-06-28,1,56,57
2017-06-29,1,56,57
2017-06-30,0,57,57
2017-07-01,0,58,58
2017-07-02,0,50,50
2017-07-03,0,60,60
2017-07-04,0,60,60
2017-07-05,1,61,62
2017-07-06,1,66,67
2017-07-07,0,68,68
2017-07-08,1,65,66
2017-07-09,1,62,63
2017-07-10,1,69,70
2017-07-11,0,67,67
2017-07-12,0,66,66
2017-07-13,0,65,65
2017-07-14,0,62,62
2017-07-15,0,51,51
2017-07-16,0,46,46
2017-07-17,0,52,52
2017-07-18,0,55,55
2017-07-19,0,61,61
2017-07-20,0,63,63
2017-07-21,0,56,56
2017-07-22,0,53,53
2017-07-23,0,50,50
2017-07-24,0,53,53
2017-07-25,0,53,53
2017-07-26,0,54,54
2017-07-27,0,52,52
2017-07-28,0,55,55
2017-07-29,0,53,53
2017-07-30,0,51,51
2017-07-31,0,55,55
2017-08-01,0,54,54
2017-08-02,0,65,65
2017-08-03,0,62,62
2017-08-04,0,61,61
2017-08-05,0,60,60
2017-08-06,0,54,54
2017-08-07,0,56,56
2017-08-08,0,54,54
2017-08-09,0,54,54
2017-08-10,0,57,57
2017-08-11,0,56,56
2017-08-12,0,53,53
2017-08-13,0,50,50
2017-08-14,0,54,54
2017-08-15,0,61,61
2017-08-16,0,60,60
2017-08-17,0,60,60
2017-08-18,0,62,62
2017-08-19,0,58,58
2017-08-20,0,57,57
2017-08-21,0,58,58
2017-08-22,0,58,58
2017-08-23,0,56,56
2017-08-24,0,57,57
2017-08-25,0,52,52
2017-08-26,0,34,34
2017-08-27,0,30,30
2017-08-28,0,29,29
2017-08-29,0,40,40
2017-08-30,0,38,38
2017-08-31,1,40,41
2017-09-01,1,41,42
2017-09-02,1,35,36
2017-09-03,1,29,30
2017-09-04,2,38,40
2017-09-05,2,40,42
2017-09-06,1,47,48
2017-09-07,1,46,47
2017-09-08,1,44,45
2017-09-09,1,33,34
2017-09-10,1,29,30
2017-09-11,1,37,38
2017-09-12,1,39,40
2017-09-13,2,38,40
2017-09-14,2,39,41
2017-09-15,2,38,40
2017-09-16,2,33,35
2017-09-17,1,25,26
2017-09-18,3,40,43
2017-09-19,11,41,52
2017-09-20,10,43,53
2017-09-21,8,42,50
2017-09-22,8,42,50
2017-09-23,5,23,28
2017-09-24,5,22,27
2017-09-25,7,22,29
2017-09-26,6,25,31
2017-09-27,6,28,34
2017-09-28,6,32,38
2017-09-29,5,35,40
2017-09-30,5,33,38
2017-10-01,5,29,34
2017-10-02,5,33,38
2017-10-03,5,36,41
2017-10-04,2,37,39
2017-10-05,2,39,41
2017-10-06,2,39,41
2017-10-07,2,38,40
2017-10-08,2,36,38
2017-10-09,2,38,40
2017-10-10,2,38,40
2017-10-11,2,49,51
2017-10-12,2,47,49
2017-10-13,2,45,47
2017-10-14,2,42,44
2017-10-15,2,40,42
2017-10-16,3,46,49
2017-10-17,3,45,48
2017-10-18,3,46,49
2017-10-19,3,45,48
2017-10-20,1,44,45
2017-10-21,1,42,43
2017-10-22,1,35,36
2017-10-23,2,44,46
2017-10-24,2,39,41
2017-10-25,1,40,41
2017-10-26,1,41,42
2017-10-27,1,39,40
2017-10-28,1,36,37
2017-10-29,1,35,36
2017-10-30,1,36,37
2017-10-31,0,32,32
2017-11-01,0,31,31
2017-11-02,0,32,32
2017-11-03,0,28,28
2017-11-04,0,28,28
2017-11-05,0,26,26
2017-11-06,0,31,31
2017-11-07,0,36,36
2017-11-08,0,38,38
2017-11-09,0,40,40
2017-11-10,1,41,42
2017-11-11,1,41,42
2017-11-12,1,39,40
2017-11-13,1,48,49
2017-11-14,1,47,48
2017-11-15,1,47,48
2017-11-16,1,47,48
2017-11-17,1,45,46
2017-11-18,1,40,41
2017-11-19,1,43,44
2017-11-20,1,44,45
2017-11-21,1,44,45
2017-11-22,1,42,43
2017-11-23,1,41,42
2017-11-24,2,42,44
2017-11-25,2,39,41
2017-11-26,2,38,40
2017-11-27,2,40,42
2017-11-28,1,39,40
2017-11-29,1,40,41
2017-11-30,1,40,41
2017-12-01,1,40,41
2017-12-02,1,38,39
2017-12-03,1,36,37
2017-12-04,1,38,39
2017-12-05,1,42,43
2017-12-06,1,42,43
2017-12-07,1,43,44
2017-12-08,1,45,46
2017-12-09,1,44,45
2017-12-10,1,42,43
2017-12-11,1,46,47
2017-12-12,1,45,46
2017-12-13,1,45,46
2017-12-14,1,44,45
2017-12-15,1,44,45
2017-12-16,1,42,43
2017-12-17,1,40,41
2017-12-18,1,43,44
2017-12-19,1,42,43
2017-12-20,1,41,42
2017-12-21,0,38,38
2017-12-22,0,39,39
2017-12-23,1,40,41
2017-12-24,1,34,35
2017-12-25,1,34,35
2017-12-26,1,36,37
2017-12-27,0,37,37
2017-12-28,0,37,37
2017-12-29,0,37,37
2017-12-30,0,34,34
2017-12-31,0,35,35
2018-01-01,0,34,34
2018-01-02,0,34,34
2018-01-03,0,35,35
2018-01-04,0,35,35
2018-01-05,0,35,35
2018-01-06,1,33,34
2018-01-07,0,33,33
2018-01-08,1,35,36
2018-01-09,1,35,36
2018-01-10,1,34,35
2018-01-11,1,37,38
2018-01-12,1,37,38
2018-01-13,1,36,37
2018-01-14,1,35,36
2018-01-15,1,37,38
2018-01-16,1,37,38
2018-01-17,1,37,38
2018-01-18,1,37,38
2018-01-19,1,38,39
2018-01-20,1,37,38
2018-01-21,1,32,33
2018-01-22,1,33,34
2018-01-23,1,34,35
2018-01-24,1,41,42
2018-01-25,1,36,37
2018-01-26,1,36,37
2018-01-27,1,34,35
2018-01-28,1,34,35
2018-01-29,1,41,42
2018-01-30,1,41,42
2018-01-31,1,39,40
2018-02-01,1,37,38
2018-02-02,0,36,36
2018-02-03,1,36,37
2018-02-04,1,36,37
2018-02-05,1,38,39
2018-02-06,1,38,39
2018-02-07,1,38,39
2018-02-08,1,38,39
2018-02-09,1,38,39
2018-02-10,1,31,32
2018-02-11,0,32,32
2018-02-12,1,33,34
2018-02-13,1,32,33
2018-02-14,1,34,35
2018-02-15,1,33,34
2018-02-16,0,32,32
2018-02-17,0,27,27
2018-02-18,0,25,25
2018-02-19,1,31,32
2018-02-20,1,28,29
2018-02-21,1,32,33
2018-02-22,3,39,42
2018-02-23,3,41,44
2018-02-24,0,38,38
2018-02-25,1,36,37
2018-02-26,1,41,42
2018-02-27,1,37,38
2018-02-28,1,37,38
2018-03-01,2,34,36
2018-03-02,1,36,37
2018-03-03,1,27,28
2018-03-04,1,25,26
2018-03-05,1,27,28
2018-03-06,1,30,31
2018-03-07,1,40,41
2018-03-08,1,40,41
2018-03-09,1,39,40
2018-03-10,1,38,39
2018-03-11,1,26,27
2018-03-12,1,35,36
2018-03-13,1,39,40
2018-03-14,1,41,42
2018-03-15,1,39,40
2018-03-16,1,38,39
2018-03-17,1,38,39
2018-03-18,1,38,39
2018-03-19,1,39,40
2018-03-20,1,37,38
2018-03-21,1,39,40
2018-03-22,1,38,39
2018-03-23,1,40,41
2018-03-24,1,38,39
2018-03-25,1,32,33
2018-03-26,1,38,39
2018-03-27,0,36,36
2018-03-28,0,39,39
2018-03-29,0,34,34
2018-03-30,0,32,32
2018-03-31,0,32,32
2018-04-01,0,31,31
2018-04-02,0,35,35
2018-04-03,0,39,39
2018-04-04,0,37,37
2018-04-05,0,38,38
2018-04-06,0,38,38
2018-04-07,0,36,36
2018-04-08,0,28,28
2018-04-09,0,38,38
2018-04-10,0,38,38
2018-04-11,0,38,38
2018-04-12,0,36,36
2018-04-13,0,39,39
2018-04-14,0,29,29
2018-04-15,0,29,29
2018-04-16,0,37,37
2018-04-17,0,38,38
2018-04-18,0,35,35
2018-04-19,0,38,38
2018-04-20,0,37,37
2018-04-21,0,30,30
2018-04-22,0,30,30
2018-04-23,0,35,35
2018-04-24,0,33,33
2018-04-25,0,31,31
2018-04-26,0,31,31
2018-04-27,0,33,33
2018-04-28,0,33,33
2018-04-29,0,33,33
2018-04-30,0,33,33
2018-05-01,0,33,33
2018-05-02,0,31,31
2018-05-03,0,31,31
2018-05-04,2,31,33
2018-05-05,2,29,31
2018-05-06,2,28,30
2018-05-07,4,31,35
2018-05-08,4,30,34
2018-05-09,4,36,40
2018-05-10,4,35,39
2018-05-11,4,34,38
2018-05-12,4,29,33
2018-05-13,4,27,31
2018-05-14,4,33,37
2018-05-15,4,34,38
2018-05-16,4,33,37
2018-05-17,4,35,39
2018-05-18,3,36,39
2018-05-19,3,36,39
2018-05-20,3,34,37
2018-05-21,4,33,37
2018-05-22,4,33,37
2018-05-23,4,36,40
2018-05-24,4,36,40
2018-05-25,3,29,32
2018-05-26,3,31,34
2018-05-27,3,30,33
2018-05-28,3,32,35
2018-05-29,3,33,36
2018-05-30,3,37,40
2018-05-31,3,35,38
2018-06-01,3,34,37
2018-06-02,3,30,33
2018-06-03,3,29,32
2018-06-04,3,28,31
2018-06-05,3,28,31
2018-06-06,3,30,33
2018-06-07,1,29,30
2018-06-08,1,27,28
2018-06-09,1,26,27
2018-06-10,1,26,27
2018-06-11,1,27,28
2018-06-12,1,27,28
2018-06-13,1,32,33
2018-06-14,1,31,32
2018-06-15,1,33,34
2018-06-16,1,27,28
2018-06-17,1,27,28
2018-06-18,1,32,33
2018-06-19,1,30,31
2018-06-20,1,30,31
2018-06-21,1,29,30
2018-06-22,1,27,28
2018-06-23,1,22,23
2018-06-24,1,22,23
2018-06-25,1,29,30
2018-06-26,2,27,29
2018-06-27,2,26,28
2018-06-28,2,25,27
2018-06-29,2,25,27
2018-06-30,2,18,20
2018-07-01,2,18,20
2018-07-02,2,25,27
2018-07-03,2,25,27
2018-07-04,2,25,27
2018-07-05,2,24,26
2018-07-06,2,26,28
2018-07-07,2,17,19
2018-07-08,2,17,19
2018-07-09,2,26,28
2018-07-10,1,26,27
2018-07-11,2,26,28
2018-07-12,3,24,27
2018-07-13,3,22,25
2018-07-14,3,21,24
2018-07-15,3,21,24
2018-07-16,3,23,26
2018-07-17,3,23,26
2018-07-18,2,26,28
2018-07-19,3,18,21
2018-07-20,3,24,27
2018-07-21,3,16,19
2018-07-22,3,16,19
2018-07-23,3,23,26
2018-07-24,3,23,26
2018-07-25,3,23,26
2018-07-26,3,24,27
2018-07-27,2,21,23
2018-07-28,2,16,18
2018-07-29,2,16,18
2018-07-30,2,25,27
2018-07-31,2,26,28
2018-08-01,2,25,27
2018-08-02,2,25,27
2018-08-03,2,25,27
2018-08-04,3,25,28
2018-08-05,3,20,23
2018-08-06,3,27,30
2018-08-07,3,27,30
2018-08-08,3,28,31
2018-08-09,3,28,31
2018-08-10,3,22,25
2018-08-11,3,24,27
2018-08-12,3,23,26
2018-08-13,3,24,27
2018-08-14,3,23,26
2018-08-15,3,20,23
2018-08-16,3,21,24
2018-08-17,3,23,26
2018-08-18,3,20,23
2018-08-19,3,17,20
2018-08-20,3,21,24
2018-08-21,3,20,23
2018-08-22,3,20,23
2018-08-23,3,20,23
2018-08-24,3,20,23
2018-08-25,3,19,22
2018-08-26,3,19,22
2018-08-27,3,17,20
2018-08-28,2,17,19
2018-08-29,2,19,21
2018-08-30,2,20,22
2018-08-31,2,19,21
2018-09-01,2,19,21
2018-09-02,2,19,21
2018-09-03,2,19,21
2018-09-04,2,19,21
2018-09-05,2,17,19
2018-09-06,4,25,29
2018-09-07,4,25,29
2018-09-08,4,24,28
2018-09-09,4,22,26
2018-09-10,4,24,28
2018-09-11,4,25,29
2018-09-12,4,25,29
2018-09-13,4,25,29
2018-09-14,4,26,30
2018-09-15,4,25,29
2018-09-16,4,24,28
2018-09-17,4,25,29
2018-09-18,4,28,32
2018-09-19,4,28,32
2018-09-20,4,27,31
2018-09-21,4,27,31
2018-09-22,2,27,29
2018-09-23,2,24,26
2018-09-24,2,26,28
2018-09-25,2,24,26
2018-09-26,2,25,27
2018-09-27,2,24,26
2018-09-28,2,23,25
2018-09-29,2,25,27
2018-09-30,2,25,27
2018-10-01,2,24,26
2018-10-02,2,23,25
2018-10-03,2,23,25
2018-10-04,6,25,31
2018-10-05,7,24,31
2018-10-06,4,19,23
2018-10-07,3,19,22
2018-10-08,7,20,27
2018-10-09,7,24,31
2018-10-10,10,24,34
2018-10-11,13,35,48
2018-10-12,9,33,42
2018-10-13,4,33,37
2018-10-14,4,32,36
2018-10-15,13,34,47
2018-10-16,5,34,39
2018-10-17,4,32,36
2018-10-18,4,32,36
2018-10-19,8,33,41
2018-10-20,7,32,39
2018-10-21,6,30,36
2018-10-22,7,33,40
2018-10-23,6,33,39
2018-10-24,6,31,37
2018-10-25,8,32,40
2018-10-26,7,32,39
2018-10-27,5,31,36
2018-10-28,4,30,34
2018-10-29,7,35,42
2018-10-30,8,34,42
2018-10-31,8,35,43
2018-11-01,7,35,42
2018-11-02,7,35,42
2018-11-03,7,34,41
2018-11-04,5,30,35
2018-11-05,8,32,40
2018-11-06,9,31,40
2018-11-07,9,32,41
2018-11-08,9,33,42
2018-11-09,9,34,43
2018-11-10,8,31,39
2018-11-11,8,30,38
2018-11-12,8,33,41
2018-11-13,7,31,38
2018-11-14,6,33,39
2018-11-15,5,27,32
2018-11-16,6,29,35
2018-11-17,5,29,34
2018-11-18,5,31,36
2018-11-19,6,32,38
2018-11-20,6,31,37
2018-11-21,6,30,36
2018-11-22,5,30,35
2018-11-23,6,29,35
2018-11-24,4,28,32
2018-11-25,1,25,26
2018-11-26,6,28,34
2018-11-27,6,28,34
2018-11-28,6,30,36
2018-11-29,6,29,35
2018-11-30,5,29,34
2018-12-01,5,27,32
2018-12-02,0,27,27
2018-12-03,4,27,31
2018-12-04,5,31,36
2018-12-05,5,32,37
2018-12-06,5,31,36
2018-12-07,6,31,37
2018-12-08,3,25,28
2018-12-09,2,24,26
2018-12-10,6,30,36
2018-12-11,7,26,33
2018-12-12,7,21,28
2018-12-13,8,24,32
2018-12-14,9,25,34
2018-12-15,9,26,35
2018-12-16,9,26,35
2018-12-17,9,26,35
2018-12-18,8,25,33
2018-12-19,8,24,32
2018-12-20,6,31,37
2018-12-21,6,30,36
2018-12-22,6,29,35
2018-12-23,6,29,35
2018-12-24,6,29,35
2018-12-25,6,30,36
2018-12-26,6,30,36
2018-12-27,6,28,34
2018-12-28,5,26,31
2018-12-29,5,25,30
2018-12-30,6,25,31
2018-12-31,2,21,23
2019-01-01,3,20,23
2019-01-02,5,26,31
2019-01-03,5,26,31
2019-01-04,5,26,31
2019-01-05,5,26,31
2019-01-06,6,25,31
2019-01-07,7,25,32
2019-01-08,6,23,29
2019-01-09,6,23,29
2019-01-10,7,24,31
2019-01-11,6,23,29
2019-01-12,5,21,26
2019-01-13,4,19,23
2019-01-14,7,23,30
2019-01-15,7,23,30
2019-01-16,6,22,28
2019-01-17,5,25,30
2019-01-18,4,25,29
2019-01-19,3,26,29
2019-01-20,3,25,28
2019-01-21,4,26,30
2019-01-22,3,25,28
2019-01-23,4,26,30
2019-01-24,2,23,25
2019-01-25,2,22,24
2019-01-26,1,22,23
2019-01-27,1,22,23
2019-01-28,2,22,24
2019-01-29,2,22,24
2019-01-30,1,22,23
2019-01-31,1,22,23
2019-02-01,2,24,26
2019-02-02,1,23,24
2019-02-03,1,22,23
2019-02-04,1,24,25
2019-02-05,2,28,30
2019-02-06,1,28,29
2019-02-07,1,24,25
2019-02-08,1,24,25
2019-02-09,0,24,24
2019-02-10,1,22,23
2019-02-11,0,23,23
2019-02-12,1,22,23
2019-02-13,0,21,21
2019-02-14,0,21,21
2019-02-15,0,21,21
2019-02-16,0,21,21
2019-02-17,1,21,22
2019-02-18,1,21,22
2019-02-19,2,22,24
2019-02-20,2,23,25
2019-02-21,2,24,26
2019-02-22,1,24,25
2019-02-23,3,23,26
2019-02-24,0,26,26
2019-02-25,0,25,25
2019-02-26,3,24,27
2019-02-27,2,24,26
2019-02-28,2,27,29
2019-03-01,3,27,30
2019-03-02,3,29,32
2019-03-03,3,28,31
2019-03-04,3,30,33
2019-03-05,3,28,31
2019-03-06,3,28,31
2019-03-07,3,28,31
2019-03-08,3,28,31
2019-03-09,3,25,28
2019-03-10,3,24,27
2019-03-11,3,25,28
2019-03-12,3,25,28
2019-03-13,4,25,29
2019-03-14,2,25,27
2019-03-15,3,25,28
2019-03-16,3,25,28
2019-03-17,2,24,26
2019-03-18,2,24,26
2019-03-19,2,23,25
2019-03-20,3,21,24
2019-03-21,2,24,26
2019-03-22,0,23,23
2019-03-23,0,23,23
2019-03-24,1,20,21
2019-03-25,0,24,24
2019-03-26,0,24,24
2019-03-27,1,24,25
2019-03-28,5,26,31
2019-03-29,5,26,31
2019-03-30,5,26,31
2019-03-31,2,26,28
2019-04-01,5,26,31
2019-04-02,5,26,31
2019-04-03,5,25,30
2019-04-04,4,25,29
2019-04-05,2,22,24
2019-04-06,0,22,22
2019-04-07,0,22,22
2019-04-08,2,22,24
2019-04-09,1,21,22
2019-04-10,1,20,21
2019-04-11,3,20,23
2019-04-12,2,19,21
2019-04-13,2,16,18
2019-04-14,0,16,16
2019-04-15,2,20,22
2019-04-16,3,21,24
2019-04-17,3,23,26
2019-04-18,3,22,25
2019-04-19,3,21,24
2019-04-20,0,21,21
2019-04-21,1,23,24
2019-04-22,3,22,25
2019-04-23,2,20,22
2019-04-24,2,22,24
2019-04-25,2,21,23
2019-04-26,3,23,26
2019-04-27,3,23,26
2019-04-28,1,22,23
2019-04-29,2,24,26
2019-04-30,2,20,22
2019-05-01,2,20,22
2019-05-02,3,18,21
2019-05-03,3,16,19
2019-05-04,3,13,16
2019-05-05,1,11,12
2019-05-06,3,12,15
2019-05-07,2,18,20
2019-05-08,2,18,20
2019-05-09,3,18,21
2019-05-10,3,18,21
2019-05-11,3,19,22
2019-05-12,1,18,19
2019-05-13,3,21,24
2019-05-14,3,20,23
2019-05-15,3,20,23
2019-05-16,3,20,23
2019-05-17,3,20,23
2019-05-18,2,20,22
2019-05-19,0,19,19
2019-05-20,3,21,24
2019-05-21,3,23,26
2019-05-22,4,22,26
2019-05-23,3,24,27
2019-05-24,3,23,26
2019-05-25,3,22,25
2019-05-26,1,22,23
2019-05-27,3,21,24
2019-05-28,3,20,23
2019-05-29,3,18,21
2019-05-30,3,17,20
2019-05-31,3,15,18
2019-06-01,3,15,18
2019-06-02,1,12,13
2019-06-03,3,14,17
2019-06-04,3,15,18
2019-06-05,3,15,18
2019-06-06,3,14,17
2019-06-07,2,14,16
2019-06-08,2,13,15
2019-06-09,0,12,12
2019-06-10,2,13,15
2019-06-11,2,12,14
2019-06-12,3,12,15
2019-06-13,2,12,14
2019-06-14,2,13,15
2019-06-15,2,13,15
2019-06-16,0,12,12
2019-06-17,2,12,14
2019-06-18,3,12,15
2019-06-19,2,12,14
2019-06-20,2,11,13
2019-06-21,3,9,12
2019-06-22,2,9,11
2019-06-23,0,8,8
2019-06-24,2,10,12
2019-06-25,2,10,12
2019-06-26,2,10,12
2019-06-27,2,11,13
2019-06-28,2,11,13
2019-06-29,2,9,11
2019-06-30,0,7,7
2019-07-01,3,8,11
2019-07-02,3,8,11
2019-07-03,3,7,10
2019-07-04,2,9,11
2019-07-05,2,11,13
2019-07-06,3,10,13
2019-07-07,0,8,8
2019-07-08,4,9,13
2019-07-09,2,9,11
2019-07-10,2,9,11
2019-07-11,2,10,12
2019-07-12,2,10,12
2019-07-13,0,9,9
2019-07-14,0,9,9
2019-07-15,2,10,12
2019-07-16,2,9,11
2019-07-17,2,9,11
2019-07-18,3,9,12
2019-07-19,2,9,11
2019-07-20,2,9,11
2019-07-21,0,8,8
2019-07-22,2,10,12
2019-07-23,3,13,16
2019-07-24,3,13,16
2019-07-25,5,12,17
2019-07-26,5,12,17
2019-07-27,5,12,17
2019-07-28,2,11,13
2019-07-29,5,12,17
2019-07-30,5,12,17
2019-07-31,5,13,18
2019-08-01,4,12,16
2019-08-02,4,12,16
2019-08-03,4,13,17
2019-08-04,1,11,12
2019-08-05,4,12,16
2019-08-06,4,11,15
2019-08-07,4,11,15
2019-08-08,4,10,14
2019-08-09,4,12,16
2019-08-10,4,12,16
2019-08-11,1,9,10
2019-08-12,5,12,17
2019-08-13,4,12,16
2019-08-14,4,12,16
2019-08-15,4,12,16
2019-08-16,4,12,16
2019-08-17,4,12,16
2019-08-18,1,9,10
2019-08-19,4,12,16
2019-08-20,4,13,17
2019-08-21,4,14,18
2019-08-22,4,13,17
2019-08-23,4,13,17
2019-08-24,4,13,17
2019-08-25,1,10,11
2019-08-26,4,13,17
2019-08-27,4,12,16
2019-08-28,4,12,16
2019-08-29,4,12,16
2019-08-30,4,12,16
2019-08-31,4,12,16
2019-09-01,1,8,9
2019-09-02,4,11,15
2019-09-03,4,11,15
2019-09-04,4,10,14
2019-09-05,4,11,15
2019-09-06,4,11,15
2019-09-07,1,8,9
2019-09-08,2,8,10
2019-09-09,4,11,15
2019-09-10,4,11,15
2019-09-11,4,11,15
2019-09-12,4,11,15
2019-09-13,4,11,15
2019-09-14,4,11,15
2019-09-15,1,8,9
2019-09-16,4,11,15
2019-09-17,4,11,15
2019-09-18,5,11,16
2019-09-19,5,10,15
2019-09-20,4,10,14
2019-09-21,4,13,17
2019-09-22,1,6,7
2019-09-23,4,12,16
2019-09-24,4,12,16
2019-09-25,4,12,16
2019-09-26,4,12,16
2019-09-27,4,11,15
2019-09-28,4,11,15
2019-09-29,1,5,6
2019-09-30,4,11,15
2019-10-01,4,11,15
2019-10-02,4,10,14
2019-10-03,4,10,14
2019-10-04,4,10,14
2019-10-05,1,4,5
2019-10-06,1,4,5
2019-10-07,4,10,14
2019-10-08,4,11,15
2019-10-09,4,11,15
2019-10-10,4,11,15
2019-10-11,4,11,15
2019-10-12,4,10,14
2019-10-13,1,4,5
2019-10-14,4,10,14
2019-10-15,4,10,14
2019-10-16,4,10,14
2019-10-17,4,10,14
2019-10-18,4,11,15
2019-10-19,4,11,15
2019-10-20,1,5,6
2019-10-21,4,11,15
2019-10-22,4,11,15
2019-10-23,4,11,15
2019-10-24,4,10,14
2019-10-25,4,10,14
2019-10-26,4,10,14
2019-10-27,1,4,5
2019-10-28,4,10,14
2019-10-29,4,11,15
2019-10-30,4,11,15
2019-10-31,4,10,14
2019-11-01,4,10,14
2019-11-02,4,9,13
2019-11-03,1,3,4
2019-11-04,4,9,13
2019-11-05,4,9,13
2019-11-06,4,9,13
2019-11-07,4,9,13
2019-11-08,4,9,13
2019-11-09,4,9,13
2019-11-10,1,3,4
2019-11-11,5,9,14
2019-11-12,4,9,13
2019-11-13,4,9,13
2019-11-14,4,9,13
2019-11-15,4,9,13
2019-11-16,1,4,5
2019-11-17,1,4,5
2019-11-18,4,10,14
2019-11-19,4,10,14
2019-11-20,4,10,14
2019-11-21,5,10,15
2019-11-22,4,10,14
2019-11-23,4,10,14
2019-11-24,1,4,5
2019-11-25,4,10,14
2019-11-26,4,10,14
2019-11-27,4,11,15
2019-11-28,4,12,16
2019-11-29,4,12,16
2019-11-30,4,12,16
2019-12-01,1,6,7
2019-12-02,4,12,16
2019-12-03,4,12,16
2019-12-04,5,12,17
2019-12-05,5,12,17
2019-12-06,4,8,12
2019-12-07,4,8,12
2019-12-08,1,2,3
2019-12-09,4,8,12
2019-12-10,4,8,12
2019-12-11,3,8,11
2019-12-12,3,9,12
2019-12-13,2,9,11
2019-12-14,2,9,11
2019-12-15,2,9,11
2019-12-16,2,9,11
2019-12-17,2,9,11
2019-12-18,2,7,9
2019-12-19,2,7,9
2019-12-20,2,7,9
2019-12-21,8,9,17
2019-12-22,5,3,8
2019-12-23,5,3,8
2019-12-24,5,3,8
2019-12-25,5,3,8
2019-12-26,5,3,8
2019-12-27,5,3,8
2019-12-28,4,3,7
2019-12-29,4,3,7
2019-12-30,4,6,10
2019-12-31,3,6,9
2020-01-01,3,6,9
2020-01-02,3,6,9
2020-01-03,3,6,9
2020-01-04,3,6,9
2020-01-05,3,6,9
2020-01-06,3,7,10
2020-01-07,3,7,10
2020-01-08,3,6,9
2020-01-09,3,6,9
2020-01-10,0,5,5
2020-01-11,0,6,6
2020-01-12,0,6,6
2020-01-13,0,6,6
2020-01-14,0,4,4
2020-01-15,1,4,5
2020-01-16,1,4,5
2020-01-17,1,5,6
2020-01-18,1,6,7
2020-01-19,1,6,7
2020-01-20,1,6,7
2020-01-21,1,5,6
2020-01-22,2,4,6
2020-01-23,1,4,5
2020-01-24,1,4,5
2020-01-25,0,5,5
2020-01-26,0,5,5
2020-01-27,3,12,15
2020-01-28,3,11,14
2020-01-29,3,11,14
2020-01-30,3,11,14
2020-01-31,3,11,14
2020-02-01,4,11,15
2020-02-02,0,5,5
2020-02-03,3,11,14
2020-02-04,4,11,15
2020-02-05,3,11,14
2020-02-06,4,12,16
2020-02-07,4,12,16
2020-02-08,4,8,12
2020-02-09,1,3,4
2020-02-10,3,9,12
2020-02-11,3,9,12
2020-02-12,4,9,13
2020-02-13,3,7,10
2020-02-14,3,8,11
2020-02-15,3,8,11
2020-02-16,0,2,2
2020-02-17,3,8,11
2020-02-18,3,8,11
2020-02-19,4,8,12
2020-02-20,4,6,10
2020-02-21,4,6,10
2020-02-22,3,6,9
2020-02-23,3,6,9
2020-02-24,0,2,2
2020-02-25,0,2,2
2020-02-26,4,8,12
2020-02-27,4,8,12
2020-02-28,4,8,12
2020-02-29,4,8,12
2020-03-01,0,2,2
2020-03-02,4,8,12
2020-03-03,4,8,12
2020-03-04,4,8,12
2020-03-05,4,8,12
2020-03-06,4,8,12
2020-03-07,4,8,12
2020-03-08,0,2,2
2020-03-09,4,8,12
2020-03-10,4,8,12
2020-03-11,5,9,14
2020-03-12,4,9,13
2020-03-13,4,7,11
2020-03-14,4,7,11
2020-03-15,1,1,2
2020-03-16,4,7,11
2020-03-17,4,7,11
2020-03-18,5,7,12
2020-03-19,4,7,11
2020-03-20,4,7,11
2020-03-21,4,7,11
2020-03-22,4,7,11
2020-03-23,4,8,12
2020-03-24,4,8,12
2020-03-25,4,8,12
2020-03-26,4,8,12
2020-03-27,4,8,12
2020-03-28,4,8,12
2020-03-29,4,8,12
2020-03-30,4,8,12
2020-03-31,4,8,12
2020-04-01,4,8,12
2020-04-02,4,8,12
2020-04-03,4,8,12
2020-04-04,4,8,12
2020-04-05,4,8,12
2020-04-06,4,8,12
2020-04-07,4,8,12
2020-04-08,4,8,12
2020-04-09,4,8,12
2020-04-10,4,8,12
2020-04-11,4,8,12
2020-04-12,4,8,12
2020-04-13,4,8,12
2020-04-14,4,7,11
2020-04-15,4,7,11
2020-04-16,4,7,11
2020-04-17,4,9,13
2020-04-18,4,9,13
2020-04-19,4,9,13
2020-04-20,4,9,13
2020-04-21,4,8,12
2020-04-22,4,9,13
2020-04-23,4,9,13
2020-04-24,4,9,13
2020-04-25,4,9,13
2020-04-26,4,9,13
2020-04-27,4,9,13
2020-04-28,4,8,12
2020-04-29,4,8,12
2020-04-30,4,8,12
2020-05-01,4,8,12
2020-05-02,4,8,12
2020-05-03,4,8,12
2020-05-04,4,8,12
2020-05-05,4,8,12
2020-05-06,4,7,11
2020-05-07,4,8,12
2020-05-08,4,8,12
2020-05-09,4,8,12
2020-05-10,4,9,13
2020-05-11,4,9,13
2020-05-12,2,11,13
2020-05-13,4,9,13
2020-05-14,4,10,14
2020-05-15,3,10,13
2020-05-16,4,11,15
2020-05-17,4,11,15
2020-05-18,4,11,15
2020-05-19,5,10,15
2020-05-20,4,10,14
2020-05-21,4,10,14
2020-05-22,4,11,15
2020-05-23,4,11,15
2020-05-24,4,11,15
2020-05-25,4,11,15
2020-05-26,4,11,15
2020-05-27,4,10,14
2020-05-28,4,10,14
2020-05-29,4,8,12
2020-05-30,4,8,12
2020-05-31,4,8,12
2020-06-01,4,8,12
2020-06-02,4,8,12
2020-06-03,4,8,12
2020-06-04,4,8,12
2020-06-05,4,8,12
2020-06-06,4,7,11
2020-06-07,4,8,12
2020-06-08,4,8,12
2020-06-09,4,8,12
2020-06-10,4,9,13
2020-06-11,4,9,13
2020-06-12,4,9,13
2020-06-13,4,9,13
2020-06-14,4,9,13
2020-06-15,4,9,13
2020-06-16,4,9,13
2020-06-17,4,9,13
2020-06-18,4,9,13
2020-06-19,4,9,13
2020-06-20,4,9,13
2020-06-21,0,3,3
2020-06-22,4,9,13
2020-06-23,4,8,12
2020-06-24,4,8,12
2020-06-25,4,8,12
2020-06-26,4,8,12
2020-06-27,4,6,10
2020-06-28,0,1,1
2020-06-29,5,6,11
2020-06-30,4,7,11
2020-07-01,4,6,10
2020-07-02,4,7,11
2020-07-03,4,7,11
2020-07-04,4,8,12
2020-07-05,0,2,2
2020-07-06,4,7,11
2020-07-07,4,7,11
2020-07-08,4,8,12
2020-07-09,4,8,12
2020-07-10,4,9,13
2020-07-11,4,8,12
2020-07-12,0,3,3
2020-07-13,4,9,13
2020-07-14,4,8,12
2020-07-15,4,8,12
2020-07-16,4,7,11
2020-07-17,4,8,12
2020-07-18,4,9,13
2020-07-19,0,3,3
2020-07-20,5,9,14
2020-07-21,4,9,13
2020-07-22,4,9,13
2020-07-23,4,8,12
2020-07-24,4,9,13
2020-07-25,5,9,14
2020-07-26,0,1,1
2020-07-27,4,9,13
2020-07-28,4,9,13
2020-07-29,4,8,12
2020-07-30,4,10,14
2020-07-31,4,9,13
2020-08-01,4,8,12
2020-08-02,0,2,2
2020-08-03,4,8,12
2020-08-04,4,8,12
2020-08-05,4,9,13
2020-08-06,4,7,11
2020-08-07,3,7,10
2020-08-08,1,7,8
2020-08-09,0,2,2
2020-08-10,0,8,8
2020-08-11,0,8,8
2020-08-12,0,9,9
2020-08-13,0,8,8
2020-08-14,0,9,9
2020-08-15,1,8,9
2020-08-16,1,4,5
2020-08-17,0,9,9
2020-08-18,0,10,10
2020-08-19,0,10,10
2020-08-20,0,9,9
2020-08-21,0,9,9
2020-08-22,0,9,9
2020-08-23,0,2,2
2020-08-24,1,8,9
2020-08-25,0,7,7
2020-08-26,0,6,6
2020-08-27,0,6,6
2020-08-28,0,7,7
2020-08-29,0,7,7
2020-08-30,0,2,2
2020-08-31,0,7,7
2020-09-01,0,7,7
2020-09-02,0,8,8
2020-09-03,0,8,8
2020-09-04,0,9,9
2020-09-05,0,9,9
2020-09-06,0,3,3
2020-09-07,0,3,3
2020-09-08,0,9,9
2020-09-09,0,9,9
2020-09-10,0,9,9
2020-09-11,0,9,9
2020-09-12,0,9,9
2020-09-13,0,3,3
2020-09-14,0,9,9
2020-09-15,0,9,9
2020-09-16,0,9,9
2020-09-17,0,9,9
2020-09-18,0,9,9
2020-09-19,0,9,9
2020-09-20,0,3,3
2020-09-21,0,9,9
2020-09-22,0,9,9
2020-09-23,0,9,9
2020-09-24,1,10,11
2020-09-25,1,10,11
2020-09-26,1,10,11
2020-09-27,1,4,5
2020-09-28,1,10,11
2020-09-29,2,10,12
2020-09-30,1,9,10
2020-10-01,1,9,10
2020-10-02,1,9,10
2020-10-03,1,9,10
2020-10-04,1,3,4
2020-10-05,1,9,10
2020-10-06,2,9,11
2020-10-07,1,9,10
2020-10-08,1,9,10
2020-10-09,1,8,9
2020-10-10,1,2,3
2020-10-11,1,2,3
2020-10-12,1,2,3
2020-10-13,2,2,4
2020-10-14,1,8,9
2020-10-15,1,8,9
2020-10-16,1,8,9
2020-10-17,1,8,9
2020-10-18,1,8,9
2020-10-19,1,8,9
2020-10-20,1,8,9
2020-10-21,1,8,9
2020-10-22,1,8,9
2020-10-23,2,8,10
2020-10-24,1,8,9
2020-10-25,1,8,9
2020-10-26,1,8,9
2020-10-27,1,7,8
2020-10-28,1,7,8
2020-10-29,0,7,7
2020-10-30,0,7,7
2020-10-31,0,7,7
2020-11-01,0,6,6
2020-11-02,0,6,6
2020-11-03,0,8,8
2020-11-04,0,7,7
2020-11-05,0,7,7
2020-11-06,0,7,7
2020-11-07,0,7,7
2020-11-08,0,7,7
2020-11-09,0,7,7
2020-11-10,0,7,7
2020-11-11,0,7,7
2020-11-12,0,7,7
2020-11-13,0,7,7
2020-11-14,0,7,7
2020-11-15,0,7,7
2020-11-16,1,7,8
2020-11-17,0,7,7
2020-11-18,0,5,5
2020-11-19,0,5,5
2020-11-20,0,5,5
2020-11-21,0,5,5
2020-11-22,0,5,5
2020-11-23,0,5,5
2020-11-24,0,6,6
2020-11-25,0,6,6
2020-11-26,0,6,6
2020-11-27,0,7,7
2020-11-28,0,7,7
2020-11-29,0,7,7
2020-11-30,0,7,7
2020-12-01,0,7,7
2020-12-02,0,8,8
2020-12-03,0,9,9
2020-12-04,0,9,9
2020-12-05,0,9,9
2020-12-06,0,8,8
2020-12-07,0,8,8
2020-12-08,0,8,8
2020-12-09,1,8,9
2020-12-10,0,8,8
2020-12-11,0,8,8
2020-12-12,0,8,8
2020-12-13,0,8,8
2020-12-14,0,8,8
2020-12-15,0,8,8
2020-12-16,0,8,8
2020-12-17,0,8,8
2020-12-18,0,8,8
2020-12-19,0,8,8
2020-12-20,0,8,8
2020-12-21,0,8,8
2020-12-22,0,8,8
2020-12-23,0,8,8
2020-12-24,0,8,8
2020-12-25,0,8,8
2020-12-26,0,8,8
2020-12-27,0,7,7
2020-12-28,0,7,7
2020-12-29,0,7,7
2020-12-30,0,7,7
2020-12-31,0,7,7
2021-01-01,1,7,8
2021-01-02,0,7,7
2021-01-03,0,7,7
2021-01-04,0,7,7
2021-01-05,0,2,2
2021-01-06,1,2,3
2021-01-07,0,2,2
2021-01-08,0,2,2
2021-01-09,1,2,3
2021-01-10,0,2,2
2021-01-11,0,2,2
2021-01-12,0,2,2
2021-01-13,0,2,2
2021-01-14,0,2,2
2021-01-15,0,2,2
2021-01-16,0,2,2
2021-01-17,0,2,2
2021-01-18,0,2,2
2021-01-19,1,2,3
2021-01-20,0,2,2
2021-01-21,0,2,2
2021-01-22,0,3,3
2021-01-23,0,3,3
2021-01-24,0,3,3
2021-01-25,0,3,3
2021-01-26,0,3,3
2021-01-27,0,3,3
2021-01-28,0,3,3
2021-01-29,0,3,3
2021-01-30,0,3,3
2021-01-31,0,3,3
2021-02-01,0,3,3
2021-02-02,0,3,3
2021-02-03,0,3,3
2021-02-04,0,3,3
2021-02-05,0,3,3
2021-02-06,0,3,3
2021-02-07,0,3,3
2021-02-08,0,3,3
2021-02-09,0,3,3
2021-02-10,1,3,4
2021-02-11,0,3,3
2021-02-12,0,3,3
2021-02-13,0,3,3
2021-02-14,0,3,3
2021-02-15,0,3,3
2021-02-16,0,3,3
2021-02-17,0,3,3
2021-02-18,0,3,3
2021-02-19,0,4,4
2021-02-20,0,4,4
2021-02-21,0,4,4
2021-02-22,0,4,4
2021-02-23,0,4,4
2021-02-24,0,4,4
2021-02-25,0,5,5
2021-02-26,0,5,5
2021-02-27,0,4,4
2021-02-28,0,4,4
2021-03-01,0,4,4
2021-03-02,0,4,4
2021-03-03,0,4,4
2021-03-04,0,4,4
2021-03-05,0,4,4
2021-03-06,1,4,5
2021-03-07,0,4,4
2021-03-08,0,3,3
2021-03-09,0,3,3
2021-03-10,0,3,3
2021-03-11,0,3,3
2021-03-12,0,3,3
2021-03-13,0,3,3
2021-03-14,0,3,3
2021-03-15,0,3,3
2021-03-16,0,3,3
2021-03-17,0,5,5
2021-03-18,0,5,5
2021-03-19,0,5,5
2021-03-20,0,5,5
2021-03-21,0,5,5
2021-03-22,0,5,5
2021-03-23,0,4,4
2021-03-24,0,3,3
2021-03-25,0,3,3
2021-03-26,0,3,3
2021-03-27,0,2,2
2021-03-28,0,2,2
2021-03-29,0,2,2
2021-03-30,0,2,2
2021-03-31,0,2,2
2021-04-01,0,2,2
2021-04-02,0,2,2
2021-04-03,1,2,3
2021-04-04,0,2,2
2021-04-05,0,2,2
2021-04-06,0,2,2
2021-04-07,0,2,2
2021-04-08,0,2,2
2021-04-09,0,2,2
2021-04-10,0,2,2
2021-04-11,0,2,2
2021-04-12,0,2,2
2021-04-13,0,2,2
2021-04-14,0,2,2
2021-04-15,0,2,2
2021-04-16,0,2,2
2021-04-17,0,2,2
2021-04-18,0,2,2
2021-04-19,0,2,2
2021-04-20,0,2,2
2021-04-21,0,2,2
2021-04-22,0,2,2
2021-04-23,0,2,2
2021-04-24,0,2,2
2021-04-25,0,2,2
2021-04-26,0,2,2
2021-04-27,0,2,2
2021-04-28,0,2,2
2021-04-29,0,2,2
2021-04-30,0,2,2
2021-05-01,0,2,2
2021-05-02,0,2,2
2021-05-03,0,2,2
2021-05-04,0,2,2
2021-05-05,0,2,2
2021-05-06,0,2,2
2021-05-07,0,2,2
2021-05-08,0,2,2
2021-05-09,0,2,2
2021-05-10,0,2,2
2021-05-11,0,2,2
2021-05-12,0,3,3
2021-05-13,0,3,3
2021-05-14,0,3,3
2021-05-15,0,3,3
2021-05-16,0,3,3
2021-05-17,0,3,3
2021-05-18,0,3,3
2021-05-19,1,2,3
2021-05-20,0,2,2
2021-05-21,0,1,1
2021-05-22,0,1,1
2021-05-23,0,1,1
2021-05-24,0,2,2
2021-05-25,0,2,2
2021-05-26,0,2,2
2021-05-27,0,2,2
2021-05-28,0,2,2
2021-05-29,0,2,2
2021-05-30,0,2,2
2021-05-31,0,2,2
2021-06-01,0,3,3
2021-06-02,0,2,2
2021-06-03,0,2,2
2021-06-04,0,2,2
2021-06-05,0,3,3
2021-06-06,0,3,3
2021-06-07,0,3,3
2021-06-08,0,3,3
2021-06-09,0,3,3
2021-06-10,0,3,3
2021-06-11,0,3,3
2021-06-12,0,3,3
2021-06-13,0,3,3
2021-06-14,0,4,4
2021-06-15,0,2,2
2021-06-16,0,2,2
2021-06-17,0,1,1
2021-06-18,0,1,1
2021-06-19,0,1,1
2021-06-20,0,1,1
2021-06-21,0,1,1
2021-06-22,0,1,1
2021-06-23,0,1,1
2021-06-24,0,1,1
2021-06-25,0,2,2
2021-06-26,0,2,2
2021-06-27,0,2,2
2021-06-28,0,2,2
2021-06-29,0,2,2
2021-06-30,1,2,3
2021-07-01,0,2,2
2021-07-02,0,1,1
2021-07-03,0,1,1
2021-07-04,0,1,1
2021-07-05,0,1,1
2021-07-06,0,1,1
2021-07-07,0,1,1
2021-07-08,0,1,1
2021-07-09,0,1,1
2021-07-10,0,1,1
2021-07-11,0,1,1
2021-07-12,1,1,2
2021-07-13,0,1,1
2021-07-16,1,1,2
2021-07-17,0,1,1
2021-07-18,0,1,1
2021-07-19,0,1,1
2021-07-20,0,1,1
2021-07-21,0,1,1
2021-07-22,0,1,1
2021-07-23,0,1,1
2021-07-24,0,1,1
2021-08-03,0,1,1
2021-08-04,0,1,1
2021-08-06,2,3,5
2021-08-07,0,3,3
2021-08-08,0,3,3
2021-08-09,0,3,3
2021-08-10,0,2,2
2021-08-11,0,2,2
2021-08-12,0,2,2
2021-08-13,1,2,3
2021-08-14,0,2,2
2021-08-15,0,2,2
2021-08-16,0,2,2
2021-08-17,0,3,3
2021-08-18,0,3,3
2021-08-19,0,3,3
2021-08-20,0,3,3
2021-08-21,0,3,3
2021-08-22,0,3,3
2021-08-23,0,3,3
2021-08-24,0,3,3
2021-08-25,0,3,3
2021-08-26,0,3,3
2021-08-27,0,3,3
2021-08-28,0,3,3
2021-08-29,0,3,3
2021-08-30,0,3,3
2021-08-31,1,2,3
2021-09-01,0,2,2
2021-09-02,0,3,3
2021-09-03,0,3,3
2021-09-04,0,3,3
2021-09-05,0,3,3
2021-09-06,0,3,3
2021-09-07,0,3,3
2021-09-08,0,3,3
2021-09-09,0,4,4
2021-09-10,0,4,4
2021-09-11,0,4,4
2021-09-12,0,4,4
2021-09-13,0,4,4
2021-09-14,0,4,4
2021-09-15,0,2,2
2021-09-16,0,2,2
2021-09-17,0,2,2
2021-09-18,0,2,2
2021-09-19,0,2,2
2021-09-20,0,2,2
2021-09-21,0,2,2
2021-09-22,1,2,3
2021-09-23,1,2,3
2021-09-24,0,2,2
2021-09-25,0,2,2
2021-09-26,0,2,2
2021-09-27,0,2,2
2021-09-28,0,2,2
2021-09-29,0,1,1
2021-09-30,0,1,1
2021-10-01,0,1,1
2021-10-02,0,1,1
2021-10-03,0,1,1
2021-10-04,0,1,1
2021-10-05,0,1,1
2021-10-06,0,1,1
2021-10-07,0,1,1
2021-10-08,0,1,1
2021-10-09,0,1,1
2021-10-10,0,1,1
2021-10-11,0,1,1
2021-10-12,0,1,1
2021-10-13,0,1,1
2021-10-14,1,1,2
2021-10-15,1,1,2
2021-10-16,1,1,2
2021-10-17,1,1,2
2021-10-18,1,1,2
2021-10-19,1,1,2
2021-10-20,1,1,2
2021-10-21,1,1,2
2021-10-22,2,1,3
2021-10-23,0,1,1
2021-10-24,0,1,1
2021-10-25,0,1,1
2021-10-26,0,1,1
2021-10-27,0,1,1
2021-10-28,0,1,1
2021-10-29,0,1,1
2021-10-30,0,1,1
2021-10-31,0,1,1
2021-11-01,0,1,1
2021-11-02,0,1,1
2021-11-03,0,1,1
2021-11-04,0,1,1
2021-11-05,0,2,2
2021-11-06,0,2,2
2021-11-07,0,1,1
2021-11-08,0,1,1
2021-11-09,0,1,1
2021-11-10,0,1,1
2021-11-11,0,1,1
2021-11-12,0,1,1
2021-11-13,0,1,1
2021-11-14,0,1,1
2021-11-15,0,1,1
2021-11-16,0,1,1
2021-11-17,0,1,1
2021-11-18,0,1,1
2021-11-19,0,1,1
2021-11-20,0,1,1
2021-11-21,0,1,1
2021-11-22,0,1,1
2021-11-23,0,1,1
2021-11-24,0,1,1
2021-11-25,0,1,1
2021-11-26,0,2,2
2021-11-27,0,2,2
2021-11-28,0,2,2
2021-11-29,0,2,2
2021-11-30,0,2,2
2021-12-01,0,2,2
2021-12-02,0,2,2
2021-12-03,1,1,2
2021-12-04,0,1,1
2021-12-05,0,1,1
2021-12-06,0,1,1
2021-12-07,0,1,1
2021-12-08,0,1,1
2021-12-09,0,2,2
2021-12-10,0,2,2
2021-12-11,0,2,2
2021-12-12,0,2,2
2021-12-13,0,2,2
2021-12-14,0,2,2
2021-12-15,0,2,2
2021-12-16,1,2,3
2021-12-17,0,2,2
2021-12-18,0,2,2
2021-12-19,0,2,2
2021-12-20,0,2,2
2021-12-21,0,2,2
2021-12-22,0,2,2
2021-12-23,0,2,2
2021-12-24,0,2,2
2021-12-25,0,2,2
2021-12-26,0,2,2
2021-12-27,0,2,2
2021-12-28,0,2,2
2021-12-29,0,2,2
2021-12-30,1,2,3
2021-12-31,0,2,2
2022-01-01,0,2,2
2022-01-02,0,2,2
2022-01-03,1,2,3
2022-01-04,0,2,2
2022-01-05,0,2,2
2022-01-06,0,2,2
2022-01-07,0,2,2
2022-01-08,0,2,2
2022-01-09,0,2,2
2022-01-10,0,2,2
2022-01-11,0,2,2
2022-01-12,0,2,2
2022-01-13,0,2,2
2022-01-14,0,2,2
2022-01-15,0,2,2
2022-01-16,0,1,1
2022-01-17,0,1,1
2022-01-18,0,1,1
2022-01-19,0,1,1
2022-01-20,0,1,1
2022-01-21,0,1,1
2022-01-22,1,1,2
2022-01-23,0,1,1
2022-01-24,0,1,1
2022-01-25,0,1,1
2022-01-26,0,1,1
2022-01-27,0,1,1
2022-01-28,0,1,1
2022-01-29,0,1,1
2022-01-30,0,1,1
2022-01-31,0,1,1
2022-02-01,0,1,1
2022-02-02,0,1,1
2022-02-03,0,1,1
2022-02-04,0,2,2
2022-02-05,0,2,2
2022-02-06,0,2,2
2022-02-07,0,2,2
2022-02-08,0,2,2
2022-02-09,0,2,2
2022-02-10,0,2,2
2022-02-11,0,2,2
2022-02-12,0,2,2
2022-02-13,0,2,2
2022-02-14,0,2,2
2022-02-15,0,2,2
2022-02-16,0,2,2
2022-02-17,0,2,2
2022-02-18,0,2,2
2022-02-19,0,2,2
2022-02-20,0,2,2
2022-02-21,0,2,2
2022-02-22,0,2,2
2022-02-23,0,2,2
2022-02-24,0,2,2
2022-02-25,0,2,2
2022-02-26,1,3,4
2022-02-27,1,3,4
2022-02-28,1,3,4
2022-03-01,1,3,4
2022-03-02,0,3,3
2022-03-03,0,3,3
2022-03-04,0,3,3
2022-03-05,0,3,3
2022-03-06,0,3,3
2022-03-07,0,3,3
2022-03-08,0,3,3
2022-03-09,0,3,3
2022-03-10,0,3,3
2022-03-11,0,3,3
2022-03-12,0,3,3
2022-03-13,0,3,3
2022-03-14,0,3,3
2022-03-15,0,3,3
2022-03-16,0,3,3
2022-03-17,0,3,3
2022-03-18,0,3,3
2022-03-19,0,3,3
2022-03-20,0,3,3
2022-03-21,0,3,3
2022-03-22,0,3,3
2022-03-23,0,3,3
2022-03-24,0,3,3
2022-03-25,0,2,2
2022-03-26,0,2,2
2022-03-27,0,2,2
2022-03-28,0,2,2
2022-03-29,0,2,2
2022-03-30,0,2,2
2022-03-31,0,2,2
2022-04-01,0,2,2
2022-04-02,0,2,2
2022-04-03,0,2,2
2022-04-04,0,2,2
2022-04-05,0,3,3
2022-04-06,0,3,3
2022-04-07,0,3,3
2022-04-08,0,3,3
2022-04-09,0,3,3
2022-04-10,0,3,3
2022-04-11,0,3,3
2022-04-12,0,3,3
2022-04-13,0,3,3
2022-04-14,0,3,3
2022-04-15,0,3,3
2022-04-16,0,3,3
2022-04-17,0,3,3
2022-04-18,0,3,3
2022-04-19,0,3,3
2022-04-20,0,3,3
2022-04-21,0,3,3
2022-04-22,0,3,3
2022-04-23,0,3,3
2022-04-24,0,3,3
2022-04-25,0,3,3
2022-04-26,0,2,2
2022-04-27,0,2,2
2022-04-28,0,2,2
2022-04-29,0,2,2
2022-04-30,0,2,2
2022-05-01,0,2,2
2022-05-02,0,2,2
2022-05-03,0,2,2
2022-05-04,0,2,2
2022-05-05,0,2,2
2022-05-06,0,2,2
2022-05-07,0,2,2
2022-05-08,0,2,2
2022-05-09,0,2,2
2022-05-10,0,2,2
2022-05-11,0,2,2
2022-05-12,0,2,2
2022-05-13,0,1,1
2022-05-14,0,1,1
2022-05-15,0,1,1
2022-05-16,0,1,1
2022-05-17,0,1,1
2022-05-18,0,1,1
2022-05-19,0,1,1
2022-05-20,0,1,1
2022-05-21,0,1,1
2022-05-22,0,1,1
2022-05-23,0,1,1
2022-05-24,1,1,2
2022-05-25,1,1,2
2022-05-26,1,1,2
2022-05-27,1,1,2
2022-05-28,1,1,2
2022-05-29,1,1,2
2022-05-30,1,1,2
2022-05-31,1,1,2
2022-06-01,1,1,2
2022-06-02,1,1,2
2022-06-03,1,1,2
2022-06-04,1,1,2
2022-06-05,1,1,2
2022-06-06,1,1,2
2022-06-07,1,1,2
2022-06-08,1,1,2
2022-06-09,1,1,2
2022-06-10,1,1,2
2022-06-11,1,1,2
2022-06-12,1,1,2
2022-06-13,1,1,2
2022-06-14,1,1,2
2022-06-15,1,1,2
2022-06-16,1,1,2
2022-06-17,1,1,2
2022-06-18,1,1,2
2022-06-19,1,1,2
2022-06-20,1,1,2
2022-06-21,1,1,2
2022-06-22,1,1,2
2022-06-23,1,1,2
2022-06-24,1,1,2
2022-06-25,1,1,2
2022-06-26,1,1,2
2022-06-27,1,1,2
2022-06-28,1,1,2
2022-06-29,1,1,2
2022-06-30,1,1,2
2022-07-01,1,1,2
2022-07-02,1,1,2
2022-07-03,1,1,2
2022-07-04,1,1,2
2022-07-05,1,1,2
2022-07-06,1,1,2
2022-07-07,1,1,2
2022-07-08,1,1,2
2022-07-09,1,1,2
2022-07-10,1,1,2
2022-07-11,1,1,2
2022-07-12,1,1,2
2022-07-13,1,1,2
2022-07-14,1,1,2
2022-07-15,1,1,2
2022-07-16,1,1,2
2022-07-17,1,1,2
2022-07-18,1,1,2
2022-07-19,1,1,2
2022-07-20,1,1,2
2022-07-21,1,1,2
2022-07-22,1,1,2
2022-07-23,1,1,2
2022-07-24,1,1,2
2022-07-25,1,1,2
2022-07-26,1,1,2
2022-07-27,1,1,2
2022-07-28,1,1,2
2022-07-29,1,1,2
2022-07-30,1,1,2
2022-07-31,1,1,2
2022-08-01,1,1,2
2022-08-02,1,1,2
2022-08-03,1,1,2
2022-08-04,1,1,2
2022-08-05,1,1,2
2022-08-06,1,1,2
2022-08-07,1,1,2
2022-08-08,1,1,2
2022-08-09,1,1,2
2022-08-10,1,1,2
2022-08-11,1,1,2
2022-08-12,1,1,2
2022-08-13,1,1,2
2022-08-14,1,1,2
2022-08-15,1,1,2
2022-08-16,1,1,2
2022-08-17,1,1,2
2022-08-18,1,1,2
2022-08-19,1,1,2
2022-08-20,1,1,2
2022-08-21,1,1,2
2022-08-22,1,1,2
2022-08-23,1,1,2
2022-08-24,1,1,2
2022-08-25,1,1,2
2022-08-26,1,1,2
2022-08-27,1,1,2
2022-08-28,1,1,2
2022-08-29,1,1,2
2022-08-30,1,1,2
2022-08-31,1,1,2
2022-09-01,1,1,2
2022-09-02,1,1,2
2022-09-03,1,1,2
2022-09-04,1,1,2
2022-09-05,1,1,2
2022-09-06,1,1,2
2022-09-07,1,1,2
2022-09-08,1,1,2
2022-09-09,1,1,2
2022-09-10,1,1,2
2022-09-11,1,1,2
2022-09-12,1,1,2
2022-09-13,1,1,2
2022-09-14,1,1,2
2022-09-15,0,1,1
2022-09-16,0,1,1
2022-09-17,0,1,1
2022-09-18,0,1,1
2022-09-19,0,1,1
2022-09-20,0,1,1
2022-09-21,0,1,1
2022-09-22,0,1,1
2022-09-23,0,1,1
2022-09-24,0,1,1
2022-09-25,0,1,1
2022-09-26,0,1,1
2022-09-27,0,1,1
2022-09-28,0,1,1
2022-09-29,0,1,1
2022-09-30,0,1,1
2022-10-01,0,1,1
2022-10-02,0,1,1
2022-10-03,0,1,1
2022-10-04,0,1,1
2022-10-05,0,1,1
2022-10-06,0,1,1
2022-10-07,0,1,1
2022-10-08,0,1,1
2022-10-09,0,1,1
2022-10-10,0,1,1
2022-10-11,0,1,1
2022-10-12,0,1,1
2022-10-13,0,1,1
2022-10-14,0,1,1
2022-10-15,0,1,1
2022-10-16,0,1,1
2022-10-17,0,1,1
2022-10-18,0,1,1
2022-10-19,0,1,1
2022-10-20,0,1,1
2022-10-21,0,1,1
2022-10-22,0,1,1
2022-10-23,0,1,1
2022-10-24,0,1,1
2022-10-25,0,1,1
2022-10-26,0,1,1
2022-10-27,0,1,1
2022-10-28,0,1,1
2022-10-29,0,1,1
2022-10-30,0,1,1
2022-10-31,0,1,1
2022-11-01,0,1,1
2022-11-02,0,1,1
2022-11-03,0,1,1
2022-11-04,0,1,1
2022-11-05,0,1,1
2022-11-06,0,1,1
2022-11-07,0,1,1
2022-11-08,0,1,1
2022-11-09,0,1,1
2022-11-10,0,1,1
2022-11-11,0,1,1
2022-11-12,0,1,1
2022-11-13,0,1,1
2022-11-14,0,1,1
2022-11-15,0,1,1
2022-11-16,0,1,1
2022-11-17,0,1,1
2022-11-18,0,1,1
2022-11-19,0,1,1
2022-11-20,0,1,1
2022-11-21,0,1,1
2022-11-22,0,1,1
2022-11-23,0,1,1
2022-11-24,0,1,1
2022-11-25,0,1,1
2022-11-26,0,1,1
2022-11-27,0,1,1
2022-11-28,0,1,1
2022-11-29,0,1,1
2022-11-30,0,1,1
2022-12-01,0,1,1
2022-12-02,0,1,1
2022-12-03,0,1,1
2022-12-04,0,1,1
2022-12-05,0,1,1
2022-12-06,0,1,1
2022-12-07,0,1,1
2022-12-08,0,1,1
2022-12-09,0,1,1
2022-12-10,0,1,1
2022-12-11,0,1,1
2022-12-12,0,1,1
2022-12-13,0,1,1
2022-12-14,0,1,1
2022-12-15,0,1,1
2022-12-16,0,1,1
2022-12-17,0,1,1
2022-12-18,0,1,1
2022-12-19,0,1,1
2022-12-20,0,1,1
2022-12-21,0,1,1
2022-12-22,0,1,1
2022-12-23,0,1,1
2022-12-24,0,1,1
2022-12-25,0,1,1
2022-12-26,0,1,1
2022-12-27,0,1,1
2022-12-28,0,1,1
2022-12-29,0,1,1
2022-12-30,0,1,1
2022-12-31,0,1,1
2023-01-01,0,1,1
2023-01-02,0,1,1
2023-01-03,0,1,1
2023-01-04,0,1,1
2023-01-05,0,1,1
2023-01-06,0,1,1
2023-01-07,0,1,1
2023-01-08,0,1,1
2023-01-09,0,1,1
2023-01-10,0,1,1
2023-01-11,0,1,1
2023-01-12,0,1,1
2023-01-13,0,1,1
2023-01-14,0,1,1
2023-01-15,0,1,1
2023-01-16,0,1,1
2023-01-17,0,1,1
2023-01-18,0,1,1
2023-01-19,0,1,1
2023-01-20,0,1,1
2023-01-21,0,1,1
2023-01-22,0,1,1
2023-01-23,0,1,1
2023-01-24,0,1,1
2023-01-25,0,1,1
2023-01-26,0,1,1
2023-01-27,0,1,1
2023-01-28,0,1,1
2023-01-29,0,1,1
2023-01-30,0,1,1
2023-01-31,0,1,1
2023-02-01,0,1,1
2023-02-02,0,1,1
2023-02-03,0,1,1
2023-02-04,0,1,1
2023-02-05,0,1,1
2023-02-06,0,1,1
2023-02-07,0,1,1
2023-02-08,0,1,1
2023-02-09,0,1,1
2023-02-10,0,1,1
2023-02-11,0,1,1
2023-02-12,0,1,1
2023-02-13,0,1,1
2023-02-14,0,1,1
2023-02-15,0,1,1
2023-02-16,0,1,1
2023-02-17,0,1,1
2023-02-18,0,1,1
2023-02-19,0,1,1
2023-02-20,0,1,1
2023-02-21,0,1,1
2023-02-22,0,1,1
2023-02-23,0,1,1
2023-02-24,0,1,1
2023-02-25,0,1,1
2023-02-26,0,1,1
2023-02-27,0,1,1
2023-02-28,0,1,1
2023-03-01,0,1,1
2023-03-02,0,1,1
2023-03-03,0,1,1
2023-03-04,0,1,1
2023-03-05,0,1,1
2023-03-06,0,1,1
2023-03-07,0,1,1
2023-03-08,0,1,1
2023-03-09,0,1,1
2023-03-10,0,1,1
2023-03-11,0,1,1
2023-03-12,0,1,1
2023-03-13,0,1,1
2023-03-14,0,1,1
2023-03-15,0,1,1
2023-03-16,0,1,1
2023-03-17,0,1,1
2023-03-18,0,1,1
2023-03-19,0,1,1
2023-03-20,0,1,1
2023-03-21,0,1,1
2023-03-22,0,1,1
2023-03-23,0,1,1
2023-03-24,0,1,1
2023-03-25,0,1,1
2023-03-26,0,1,1
2023-03-27,0,1,1
2023-03-28,0,1,1
2023-03-29,0,1,1
2023-03-30,0,1,1
2023-03-31,0,1,1
2023-04-01,0,1,1
2023-04-02,0,1,1
2023-04-03,0,1,1
2023-04-04,0,1,1
2023-04-05,0,1,1
2023-04-06,0,1,1
2023-04-07,0,1,1
2023-04-08,0,1,1
2023-04-09,0,1,1
2023-04-10,0,1,1
2023-04-11,0,1,1
2023-04-12,0,1,1
2023-04-13,0,1,1
2023-04-14,0,1,1
2023-04-15,0,1,1
2023-04-16,0,1,1
2023-04-17,0,1,1
2023-04-18,0,1,1
2023-04-19,0,1,1
2023-04-20,0,1,1
2023-04-21,0,1,1
2023-04-22,0,1,1
2023-04-23,0,1,1
2023-04-24,0,1,1
2023-04-25,0,1,1
2023-04-26,0,1,1
2023-04-27,0,1,1
2023-04-28,0,1,1
2023-04-29,0,1,1
2023-04-30,0,1,1
2023-05-01,0,1,1
2023-05-02,0,1,1
2023-05-03,0,1,1
2023-05-04,0,1,1
2023-05-05,0,1,1
2023-05-06,0,1,1
2023-05-07,0,1,1
2023-05-08,0,1,1
2023-05-09,1,1,2
2023-05-10,1,1,2
2023-05-11,1,2,3
2023-05-12,1,2,3
2023-05-13,1,2,3
2023-05-14,1,2,3
2023-05-15,1,2,3
2023-05-16,1,2,3
2023-05-17,1,2,3
2023-05-18,1,2,3
2023-05-19,1,2,3
2023-05-20,1,2,3
2023-05-21,1,2,3
2023-05-22,1,2,3
2023-05-23,1,2,3
2023-05-24,1,2,3
2023-05-25,1,2,3
2023-05-26,1,2,3
2023-05-27,1,2,3
2023-05-28,1,2,3
2023-05-29,1,2,3
2023-05-30,1,2,3
2023-05-31,1,2,3
2023-06-01,1,2,3
2023-06-02,1,2,3
2023-06-03,1,2,3
2023-06-04,1,2,3
2023-06-05,1,2,3
2023-06-06,1,2,3
2023-06-07,1,2,3
2023-06-08,1,2,3
2023-06-09,1,2,3
2023-06-10,1,2,3
2023-06-11,1,2,3
2023-06-12,1,2,3
2023-06-13,1,2,3
2023-06-14,1,2,3
2023-06-15,1,2,3
2023-06-16,1,2,3
2023-06-17,1,2,3
2023-06-18,1,2,3
2023-06-19,1,2,3
2023-06-20,1,2,3
2023-06-21,0,3,3
2023-06-27,1,2,3
2023-06-28,1,2,3
2023-06-29,1,2,3
2023-06-30,1,2,3
2023-07-01,1,2,3
2023-07-02,0,2,2
2023-07-03,0,2,2
2023-07-04,0,2,2
2023-07-05,0,2,2
2023-07-06,0,2,2
2023-07-07,0,2,2
2023-07-08,0,2,2
2023-07-09,0,2,2
2023-07-10,0,2,2
2023-07-11,0,2,2
2023-07-12,0,2,2
2023-07-13,0,2,2
2023-07-14,0,2,2
2023-07-15,0,2,2
2023-07-16,0,2,2
2023-07-17,0,2,2
2023-07-18,0,2,2
2023-07-19,0,2,2
2023-07-20,0,3,3
2023-07-21,0,3,3
2023-07-22,0,3,3
2023-07-23,0,2,2
2023-07-24,0,2,2
2023-07-25,0,2,2
2023-07-26,0,3,3
2023-07-27,0,3,3
2023-07-28,1,5,6
2023-07-29,1,5,6
2023-07-30,1,4,5
2023-07-31,1,4,5
2023-08-01,1,5,6
2023-08-02,1,5,6
2023-08-03,1,5,6
2023-08-04,1,5,6
2023-08-05,1,5,6
2023-08-06,1,5,6
2023-08-07,1,5,6
2023-08-08,1,4,5
2023-08-09,1,4,5
2023-08-10,0,3,3
2023-08-11,0,3,3
2023-08-12,0,3,3
2023-08-13,0,3,3
2023-08-14,0,3,3
2023-08-15,0,2,2
2023-08-16,0,3,3
2023-08-17,0,3,3
2023-08-18,0,4,4
2023-08-19,0,4,4
2023-08-20,0,4,4
2023-08-21,0,6,6
2023-08-22,0,6,6
2023-08-23,0,6,6
2023-08-24,0,5,5
2023-08-25,0,3,3
2023-08-26,0,3,3
2023-08-27,0,2,2
2023-08-28,0,2,2
2023-08-29,0,2,2
2023-08-30,0,2,2
2023-08-31,0,2,2
2023-09-01,0,2,2
2023-09-02,0,3,3
2023-09-03,0,3,3
2023-09-04,0,3,3
2023-09-05,0,3,3
2023-09-06,0,3,3
2023-09-07,0,3,3
2023-09-08,0,3,3
2023-09-09,0,3,3
2023-09-10,0,2,2
2023-09-11,0,2,2
2023-09-12,0,2,2
2023-09-13,0,2,2
2023-09-14,0,2,2
2023-09-15,0,2,2
2023-09-16,0,2,2
2023-09-17,0,2,2
2023-09-18,0,1,1
2023-09-19,0,1,1
2023-09-20,0,1,1
2023-09-21,0,1,1
2023-09-22,0,1,1
2023-09-23,0,1,1
2023-09-24,0,1,1
2023-09-25,0,1,1
2023-09-26,0,1,1
2023-09-27,0,1,1
2023-09-28,0,1,1
2023-09-29,0,1,1
2023-09-30,0,1,1
2023-10-01,0,1,1
2023-10-02,0,1,1
2023-10-03,0,1,1
2023-10-04,0,1,1
2023-10-05,0,1,1
2023-10-06,0,1,1
2023-10-07,0,1,1
2023-10-08,0,1,1
2023-10-09,0,1,1
2023-10-10,0,2,2
2023-10-11,0,2,2
2023-10-12,0,2,2
2023-10-13,0,2,2
2023-10-14,0,2,2
2023-10-15,0,2,2
2023-10-16,0,2,2
2023-10-17,0,2,2
2023-10-18,0,2,2
2023-10-19,0,1,1
2023-10-20,0,1,1
2023-10-21,0,1,1
2023-10-22,0,1,1
2023-10-23,0,1,1
2023-10-24,0,1,1
2023-10-25,1,1,2
2023-10-26,1,1,2
2023-10-27,1,1,2
2023-10-28,1,1,2
2023-10-29,1,1,2
2023-10-30,1,1,2
2023-10-31,1,0,1
2023-11-01,1,0,1
2023-11-02,1,0,1
2023-11-03,1,0,1
2023-11-04,1,0,1
2023-11-05,1,0,1
2023-11-06,1,0,1
2023-11-07,1,0,1
2023-11-08,1,0,1
2023-11-09,1,0,1
2023-11-10,1,0,1
2023-11-11,1,0,1
2023-11-12,1,0,1
2023-11-13,1,0,1
2023-11-14,1,0,1
2023-11-15,1,0,1
2023-11-16,1,0,1
2023-11-17,1,0,1
2023-11-18,1,0,1
2023-11-19,1,0,1
2023-11-20,1,0,1
2023-11-21,1,0,1
2023-11-22,1,0,1
2023-11-23,1,0,1
2023-11-24,1,0,1
2023-11-25,1,0,1
2023-11-26,1,0,1
2023-11-27,1,0,1
2023-11-28,1,0,1
2023-11-29,1,0,1
2023-11-30,1,0,1
2023-12-01,1,0,1
2023-12-02,1,0,1
2023-12-03,1,0,1
2023-12-04,1,0,1
2023-12-05,1,0,1
2023-12-06,1,0,1
2023-12-07,1,0,1
2023-12-08,1,0,1
2023-12-09,1,0,1
2023-12-10,1,0,1
2023-12-11,1,0,1
2023-12-12,1,0,1
2023-12-13,1,0,1
2023-12-14,1,0,1
2023-12-15,1,0,1
2023-12-16,1,0,1
2023-12-17,1,0,1
2023-12-18,1,0,1

